	Kingdom	Phylum	Class	Order	Family	Genus	Species
Hu_ASV_1	NA	NA	NA	NA	NA	NA	NA
Hu_ASV_2	NA	NA	NA	NA	NA	NA	NA
Hu_ASV_3	Viridiplantae	NA	NA	NA	NA	NA	NA
Hu_ASV_4	NA	NA	NA	NA	NA	NA	NA
Hu_ASV_5	NA	NA	NA	NA	NA	NA	NA
Hu_ASV_6	Fungi	Ascomycota	Saccharomycetes	Saccharomycetales	Saccharomycetales_fam_Incertae_sedis	Candida	albicans
Hu_ASV_7	NA	NA	NA	NA	NA	NA	NA
Hu_ASV_8	NA	NA	NA	NA	NA	NA	NA
Hu_ASV_9	Fungi	Ascomycota	Saccharomycetes	Saccharomycetales	Saccharomycetaceae	Nakaseomyces	NA
Hu_ASV_10	NA	NA	NA	NA	NA	NA	NA
Hu_ASV_11	NA	NA	NA	NA	NA	NA	NA
Hu_ASV_12	NA	NA	NA	NA	NA	NA	NA
Hu_ASV_13	NA	NA	NA	NA	NA	NA	NA
Hu_ASV_14	NA	NA	NA	NA	NA	NA	NA
Hu_ASV_15	Fungi	Ascomycota	Saccharomycetes	Saccharomycetales	Saccharomycetales_fam_Incertae_sedis	Candida	albicans
Hu_ASV_16	NA	NA	NA	NA	NA	NA	NA
Hu_ASV_17	NA	NA	NA	NA	NA	NA	NA
Hu_ASV_18	NA	NA	NA	NA	NA	NA	NA
Hu_ASV_19	NA	NA	NA	NA	NA	NA	NA
Hu_ASV_20	NA	NA	NA	NA	NA	NA	NA
Hu_ASV_21	NA	NA	NA	NA	NA	NA	NA
Hu_ASV_22	Fungi	Basidiomycota	Microbotryomycetes	Sporidiobolales	Sporidiobolaceae	Rhodotorula	mucilaginosa
Hu_ASV_23	Fungi	Ascomycota	Saccharomycetes	Saccharomycetales	Saccharomycetaceae	Saccharomyces	NA
Hu_ASV_24	NA	NA	NA	NA	NA	NA	NA
Hu_ASV_25	NA	NA	NA	NA	NA	NA	NA
Hu_ASV_26	Fungi	Ascomycota	Saccharomycetes	Saccharomycetales	Saccharomycetales_fam_Incertae_sedis	Candida	sake
Hu_ASV_27	NA	NA	NA	NA	NA	NA	NA
Hu_ASV_28	NA	NA	NA	NA	NA	NA	NA
Hu_ASV_29	Fungi	Ascomycota	Saccharomycetes	Saccharomycetales	Debaryomycetaceae	Debaryomyces	prosopidis
Hu_ASV_30	NA	NA	NA	NA	NA	NA	NA
Hu_ASV_31	NA	NA	NA	NA	NA	NA	NA
Hu_ASV_32	NA	NA	NA	NA	NA	NA	NA
Hu_ASV_33	Fungi	Ascomycota	Saccharomycetes	Saccharomycetales	Saccharomycetales_fam_Incertae_sedis	Candida	dubliniensis
Hu_ASV_34	NA	NA	NA	NA	NA	NA	NA
Hu_ASV_35	NA	NA	NA	NA	NA	NA	NA
Hu_ASV_36	NA	NA	NA	NA	NA	NA	NA
Hu_ASV_37	NA	NA	NA	NA	NA	NA	NA
Hu_ASV_38	NA	NA	NA	NA	NA	NA	NA
Hu_ASV_39	NA	NA	NA	NA	NA	NA	NA
Hu_ASV_40	NA	NA	NA	NA	NA	NA	NA
Hu_ASV_41	Fungi	NA	NA	NA	NA	NA	NA
Hu_ASV_42	NA	NA	NA	NA	NA	NA	NA
Hu_ASV_43	NA	NA	NA	NA	NA	NA	NA
Hu_ASV_44	Fungi	NA	NA	NA	NA	NA	NA
Hu_ASV_45	Fungi	Ascomycota	Saccharomycetes	Saccharomycetales	Saccharomycetaceae	Nakaseomyces	NA
Hu_ASV_46	Metazoa	NA	NA	NA	NA	NA	NA
Hu_ASV_47	NA	NA	NA	NA	NA	NA	NA
Hu_ASV_48	NA	NA	NA	NA	NA	NA	NA
Hu_ASV_49	NA	NA	NA	NA	NA	NA	NA
Hu_ASV_50	NA	NA	NA	NA	NA	NA	NA
Hu_ASV_51	NA	NA	NA	NA	NA	NA	NA
Hu_ASV_52	NA	NA	NA	NA	NA	NA	NA
Hu_ASV_53	NA	NA	NA	NA	NA	NA	NA
Hu_ASV_54	NA	NA	NA	NA	NA	NA	NA
Hu_ASV_55	NA	NA	NA	NA	NA	NA	NA
Hu_ASV_56	NA	NA	NA	NA	NA	NA	NA
Hu_ASV_57	NA	NA	NA	NA	NA	NA	NA
Hu_ASV_58	Fungi	Ascomycota	Saccharomycetes	Saccharomycetales	Saccharomycetales_fam_Incertae_sedis	Candida	parapsilosis
Hu_ASV_59	NA	NA	NA	NA	NA	NA	NA
Hu_ASV_60	NA	NA	NA	NA	NA	NA	NA
Hu_ASV_61	NA	NA	NA	NA	NA	NA	NA
Hu_ASV_62	NA	NA	NA	NA	NA	NA	NA
Hu_ASV_63	NA	NA	NA	NA	NA	NA	NA
Hu_ASV_64	Protista	NA	NA	NA	NA	NA	NA
Hu_ASV_65	NA	NA	NA	NA	NA	NA	NA
Hu_ASV_66	NA	NA	NA	NA	NA	NA	NA
Hu_ASV_67	NA	NA	NA	NA	NA	NA	NA
Hu_ASV_68	Fungi	Ascomycota	NA	NA	NA	NA	NA
Hu_ASV_69	NA	NA	NA	NA	NA	NA	NA
Hu_ASV_70	NA	NA	NA	NA	NA	NA	NA
Hu_ASV_71	NA	NA	NA	NA	NA	NA	NA
Hu_ASV_72	Fungi	Ascomycota	Dothideomycetes	Capnodiales	Mycosphaerellaceae	Ramularia	pratensis
Hu_ASV_73	NA	NA	NA	NA	NA	NA	NA
Hu_ASV_74	Metazoa	NA	NA	NA	NA	NA	NA
Hu_ASV_75	NA	NA	NA	NA	NA	NA	NA
Hu_ASV_76	NA	NA	NA	NA	NA	NA	NA
Hu_ASV_77	NA	NA	NA	NA	NA	NA	NA
Hu_ASV_78	NA	NA	NA	NA	NA	NA	NA
Hu_ASV_79	NA	NA	NA	NA	NA	NA	NA
Hu_ASV_80	Fungi	NA	NA	NA	NA	NA	NA
Hu_ASV_81	Fungi	NA	NA	NA	NA	NA	NA
Hu_ASV_82	Fungi	Basidiomycota	NA	NA	NA	NA	NA
Hu_ASV_83	NA	NA	NA	NA	NA	NA	NA
Hu_ASV_84	NA	NA	NA	NA	NA	NA	NA
Hu_ASV_85	Fungi	Basidiomycota	Malasseziomycetes	Malasseziales	Malasseziaceae	Malassezia	arunalokei
Hu_ASV_86	NA	NA	NA	NA	NA	NA	NA
Hu_ASV_87	NA	NA	NA	NA	NA	NA	NA
Hu_ASV_88	NA	NA	NA	NA	NA	NA	NA
Hu_ASV_89	Fungi	NA	NA	NA	NA	NA	NA
Hu_ASV_90	Fungi	NA	NA	NA	NA	NA	NA
Hu_ASV_91	NA	NA	NA	NA	NA	NA	NA
Hu_ASV_92	Fungi	Basidiomycota	NA	NA	NA	NA	NA
Hu_ASV_93	NA	NA	NA	NA	NA	NA	NA
Hu_ASV_94	NA	NA	NA	NA	NA	NA	NA
Hu_ASV_95	NA	NA	NA	NA	NA	NA	NA
Hu_ASV_96	NA	NA	NA	NA	NA	NA	NA
Hu_ASV_97	NA	NA	NA	NA	NA	NA	NA
Hu_ASV_98	NA	NA	NA	NA	NA	NA	NA
Hu_ASV_99	NA	NA	NA	NA	NA	NA	NA
Hu_ASV_100	Fungi	Basidiomycota	Malasseziomycetes	Malasseziales	Malasseziaceae	Malassezia	globosa
Hu_ASV_101	Fungi	NA	NA	NA	NA	NA	NA
Hu_ASV_102	NA	NA	NA	NA	NA	NA	NA
Hu_ASV_103	NA	NA	NA	NA	NA	NA	NA
Hu_ASV_104	NA	NA	NA	NA	NA	NA	NA
Hu_ASV_105	NA	NA	NA	NA	NA	NA	NA
Hu_ASV_106	Fungi	Basidiomycota	Malasseziomycetes	Malasseziales	Malasseziaceae	Malassezia	globosa
Hu_ASV_107	Fungi	Ascomycota	Sordariomycetes	NA	NA	Phialemoniopsis	Phialemoniopsis curvata
Hu_ASV_108	Fungi	Ascomycota	Saccharomycetes	Saccharomycetales	Saccharomycetales_fam_Incertae_sedis	Candida	albicans
Hu_ASV_109	NA	NA	NA	NA	NA	NA	NA
Hu_ASV_110	NA	NA	NA	NA	NA	NA	NA
Hu_ASV_111	NA	NA	NA	NA	NA	NA	NA
Hu_ASV_112	NA	NA	NA	NA	NA	NA	NA
Hu_ASV_113	NA	NA	NA	NA	NA	NA	NA
Hu_ASV_114	NA	NA	NA	NA	NA	NA	NA
Hu_ASV_115	Fungi	NA	NA	NA	NA	NA	NA
Hu_ASV_116	NA	NA	NA	NA	NA	NA	NA
Hu_ASV_117	Fungi	NA	NA	NA	NA	NA	NA
Hu_ASV_118	NA	NA	NA	NA	NA	NA	NA
Hu_ASV_119	NA	NA	NA	NA	NA	NA	NA
Hu_ASV_120	Fungi	Basidiomycota	Tremellomycetes	Filobasidiales	Piskurozymaceae	Piskurozyma	capsuligena
Hu_ASV_121	NA	NA	NA	NA	NA	NA	NA
Hu_ASV_122	Fungi	Basidiomycota	Tremellomycetes	Filobasidiales	Filobasidiaceae	Filobasidium	NA
Hu_ASV_123	NA	NA	NA	NA	NA	NA	NA
Hu_ASV_124	NA	NA	NA	NA	NA	NA	NA
Hu_ASV_125	NA	NA	NA	NA	NA	NA	NA
Hu_ASV_126	NA	NA	NA	NA	NA	NA	NA
Hu_ASV_127	NA	NA	NA	NA	NA	NA	NA
Hu_ASV_128	NA	NA	NA	NA	NA	NA	NA
Hu_ASV_129	Fungi	Ascomycota	Saccharomycetes	Saccharomycetales	Saccharomycetaceae	Saccharomyces	cerevisiae
Hu_ASV_130	Fungi	Ascomycota	Saccharomycetes	Saccharomycetales	Saccharomycetaceae	Saccharomyces	cerevisiae
Hu_ASV_131	NA	NA	NA	NA	NA	NA	NA
Hu_ASV_132	NA	NA	NA	NA	NA	NA	NA
Hu_ASV_133	NA	NA	NA	NA	NA	NA	NA
Hu_ASV_134	NA	NA	NA	NA	NA	NA	NA
Hu_ASV_135	NA	NA	NA	NA	NA	NA	NA
Hu_ASV_136	NA	NA	NA	NA	NA	NA	NA
Hu_ASV_137	Fungi	Basidiomycota	Microbotryomycetes	Sporidiobolales	Sporidiobolaceae	Rhodotorula	mucilaginosa
Hu_ASV_138	NA	NA	NA	NA	NA	NA	NA
Hu_ASV_139	NA	NA	NA	NA	NA	NA	NA
Hu_ASV_140	NA	NA	NA	NA	NA	NA	NA
Hu_ASV_141	NA	NA	NA	NA	NA	NA	NA
Hu_ASV_142	NA	NA	NA	NA	NA	NA	NA
Hu_ASV_143	NA	NA	NA	NA	NA	NA	NA
Hu_ASV_144	NA	NA	NA	NA	NA	NA	NA
Hu_ASV_145	NA	NA	NA	NA	NA	NA	NA
Hu_ASV_146	NA	NA	NA	NA	NA	NA	NA
Hu_ASV_147	Fungi	NA	NA	NA	NA	NA	NA
Hu_ASV_148	NA	NA	NA	NA	NA	NA	NA
Hu_ASV_149	Fungi	NA	NA	NA	NA	NA	NA
Hu_ASV_150	Fungi	NA	NA	NA	NA	NA	NA
Hu_ASV_151	Fungi	Ascomycota	Dothideomycetes	Capnodiales	Mycosphaerellaceae	Mycosphaerella	tassiana
Hu_ASV_152	NA	NA	NA	NA	NA	NA	NA
Hu_ASV_153	Fungi	NA	NA	NA	NA	NA	NA
Hu_ASV_154	NA	NA	NA	NA	NA	NA	NA
Hu_ASV_155	NA	NA	NA	NA	NA	NA	NA
Hu_ASV_156	NA	NA	NA	NA	NA	NA	NA
Hu_ASV_157	NA	NA	NA	NA	NA	NA	NA
Hu_ASV_158	NA	NA	NA	NA	NA	NA	NA
Hu_ASV_159	NA	NA	NA	NA	NA	NA	NA
Hu_ASV_160	Fungi	Ascomycota	Saccharomycetes	Saccharomycetales	Saccharomycetales_fam_Incertae_sedis	Candida	tropicalis
Hu_ASV_161	NA	NA	NA	NA	NA	NA	NA
Hu_ASV_162	Fungi	NA	NA	NA	NA	NA	NA
Hu_ASV_163	NA	NA	NA	NA	NA	NA	NA
Hu_ASV_164	NA	NA	NA	NA	NA	NA	NA
Hu_ASV_165	NA	NA	NA	NA	NA	NA	NA
Hu_ASV_166	Fungi	Ascomycota	Saccharomycetes	Saccharomycetales	Saccharomycetaceae	Nakaseomyces	NA
Hu_ASV_167	Fungi	Basidiomycota	Tremellomycetes	Tremellales	Bulleribasidiaceae	Vishniacozyma	heimaeyensis
Hu_ASV_168	NA	NA	NA	NA	NA	NA	NA
Hu_ASV_169	NA	NA	NA	NA	NA	NA	NA
Hu_ASV_170	NA	NA	NA	NA	NA	NA	NA
Hu_ASV_171	Fungi	NA	NA	NA	NA	NA	NA
Hu_ASV_172	NA	NA	NA	NA	NA	NA	NA
Hu_ASV_173	NA	NA	NA	NA	NA	NA	NA
Hu_ASV_174	NA	NA	NA	NA	NA	NA	NA
Hu_ASV_175	Fungi	Ascomycota	Saccharomycetes	Saccharomycetales	Saccharomycetaceae	Saccharomyces	cerevisiae
Hu_ASV_176	NA	NA	NA	NA	NA	NA	NA
Hu_ASV_177	NA	NA	NA	NA	NA	NA	NA
Hu_ASV_178	NA	NA	NA	NA	NA	NA	NA
Hu_ASV_179	NA	NA	NA	NA	NA	NA	NA
Hu_ASV_180	NA	NA	NA	NA	NA	NA	NA
Hu_ASV_181	NA	NA	NA	NA	NA	NA	NA
Hu_ASV_182	NA	NA	NA	NA	NA	NA	NA
Hu_ASV_183	NA	NA	NA	NA	NA	NA	NA
Hu_ASV_184	NA	NA	NA	NA	NA	NA	NA
Hu_ASV_185	Viridiplantae	NA	NA	NA	NA	NA	NA
Hu_ASV_186	Viridiplantae	NA	NA	NA	NA	NA	NA
Hu_ASV_187	Metazoa	NA	NA	NA	NA	NA	NA
Hu_ASV_188	NA	NA	NA	NA	NA	NA	NA
Hu_ASV_189	Fungi	Ascomycota	NA	NA	NA	NA	NA
Hu_ASV_190	Fungi	Basidiomycota	Malasseziomycetes	Malasseziales	Malasseziaceae	Malassezia	globosa
Hu_ASV_191	NA	NA	NA	NA	NA	NA	NA
Hu_ASV_192	NA	NA	NA	NA	NA	NA	NA
Hu_ASV_193	Fungi	NA	NA	NA	NA	NA	NA
Hu_ASV_194	NA	NA	NA	NA	NA	NA	NA
Hu_ASV_195	NA	NA	NA	NA	NA	NA	NA
Hu_ASV_196	NA	NA	NA	NA	NA	NA	NA
Hu_ASV_197	NA	NA	NA	NA	NA	NA	NA
Hu_ASV_198	NA	NA	NA	NA	NA	NA	NA
Hu_ASV_199	NA	NA	NA	NA	NA	NA	NA
Hu_ASV_200	NA	NA	NA	NA	NA	NA	NA
Hu_ASV_201	NA	NA	NA	NA	NA	NA	NA
Hu_ASV_202	NA	NA	NA	NA	NA	NA	NA
Hu_ASV_203	NA	NA	NA	NA	NA	NA	NA
Hu_ASV_204	NA	NA	NA	NA	NA	NA	NA
Hu_ASV_205	NA	NA	NA	NA	NA	NA	NA
Hu_ASV_206	NA	NA	NA	NA	NA	NA	NA
Hu_ASV_207	NA	NA	NA	NA	NA	NA	NA
Hu_ASV_208	NA	NA	NA	NA	NA	NA	NA
Hu_ASV_209	NA	NA	NA	NA	NA	NA	NA
Hu_ASV_210	NA	NA	NA	NA	NA	NA	NA
Hu_ASV_211	Fungi	NA	NA	NA	NA	NA	NA
Hu_ASV_212	NA	NA	NA	NA	NA	NA	NA
Hu_ASV_213	NA	NA	NA	NA	NA	NA	NA
Hu_ASV_214	NA	NA	NA	NA	NA	NA	NA
Hu_ASV_215	NA	NA	NA	NA	NA	NA	NA
Hu_ASV_216	NA	NA	NA	NA	NA	NA	NA
Hu_ASV_217	NA	NA	NA	NA	NA	NA	NA
Hu_ASV_218	NA	NA	NA	NA	NA	NA	NA
Hu_ASV_219	NA	NA	NA	NA	NA	NA	NA
Hu_ASV_220	NA	NA	NA	NA	NA	NA	NA
Hu_ASV_221	Fungi	Ascomycota	NA	NA	NA	NA	NA
Hu_ASV_222	NA	NA	NA	NA	NA	NA	NA
Hu_ASV_223	Fungi	Mucoromycota	Glomeromycetes	Diversisporales	Gigasporaceae	Racocetra	Racocetra crispa
Hu_ASV_224	NA	NA	NA	NA	NA	NA	NA
Hu_ASV_225	NA	NA	NA	NA	NA	NA	NA
Hu_ASV_226	NA	NA	NA	NA	NA	NA	NA
Hu_ASV_227	NA	NA	NA	NA	NA	NA	NA
Hu_ASV_228	NA	NA	NA	NA	NA	NA	NA
Hu_ASV_229	NA	NA	NA	NA	NA	NA	NA
Hu_ASV_230	NA	NA	NA	NA	NA	NA	NA
Hu_ASV_231	NA	NA	NA	NA	NA	NA	NA
Hu_ASV_232	NA	NA	NA	NA	NA	NA	NA
Hu_ASV_233	NA	NA	NA	NA	NA	NA	NA
Hu_ASV_234	NA	NA	NA	NA	NA	NA	NA
Hu_ASV_235	NA	NA	NA	NA	NA	NA	NA
Hu_ASV_236	NA	NA	NA	NA	NA	NA	NA
Hu_ASV_237	NA	NA	NA	NA	NA	NA	NA
Hu_ASV_238	Fungi	Ascomycota	Saccharomycetes	Saccharomycetales	Saccharomycetales_fam_Incertae_sedis	Candida	albicans
Hu_ASV_239	NA	NA	NA	NA	NA	NA	NA
Hu_ASV_240	NA	NA	NA	NA	NA	NA	NA
Hu_ASV_241	Viridiplantae	NA	NA	NA	NA	NA	NA
Hu_ASV_242	Fungi	NA	NA	NA	NA	NA	NA
Hu_ASV_243	NA	NA	NA	NA	NA	NA	NA
Hu_ASV_244	NA	NA	NA	NA	NA	NA	NA
Hu_ASV_245	NA	NA	NA	NA	NA	NA	NA
Hu_ASV_246	NA	NA	NA	NA	NA	NA	NA
Hu_ASV_247	NA	NA	NA	NA	NA	NA	NA
Hu_ASV_248	NA	NA	NA	NA	NA	NA	NA
Hu_ASV_249	Fungi	Ascomycota	Saccharomycetes	Saccharomycetales	Saccharomycetaceae	Saccharomyces	cerevisiae
Hu_ASV_250	NA	NA	NA	NA	NA	NA	NA
Hu_ASV_251	NA	NA	NA	NA	NA	NA	NA
Hu_ASV_252	NA	NA	NA	NA	NA	NA	NA
Hu_ASV_253	NA	NA	NA	NA	NA	NA	NA
Hu_ASV_254	NA	NA	NA	NA	NA	NA	NA
Hu_ASV_255	Fungi	NA	NA	NA	NA	NA	NA
Hu_ASV_256	NA	NA	NA	NA	NA	NA	NA
Hu_ASV_257	NA	NA	NA	NA	NA	NA	NA
Hu_ASV_258	NA	NA	NA	NA	NA	NA	NA
Hu_ASV_259	NA	NA	NA	NA	NA	NA	NA
Hu_ASV_260	NA	NA	NA	NA	NA	NA	NA
Hu_ASV_261	Fungi	NA	NA	NA	NA	NA	NA
Hu_ASV_262	NA	NA	NA	NA	NA	NA	NA
Hu_ASV_263	NA	NA	NA	NA	NA	NA	NA
Hu_ASV_264	NA	NA	NA	NA	NA	NA	NA
Hu_ASV_265	NA	NA	NA	NA	NA	NA	NA
Hu_ASV_266	Fungi	Ascomycota	Saccharomycetes	Saccharomycetales	Saccharomycetales_fam_Incertae_sedis	Candida	albicans
Hu_ASV_267	Fungi	Basidiomycota	Malasseziomycetes	Malasseziales	Malasseziaceae	Malassezia	globosa
Hu_ASV_268	NA	NA	NA	NA	NA	NA	NA
Hu_ASV_269	NA	NA	NA	NA	NA	NA	NA
Hu_ASV_270	Fungi	NA	NA	NA	NA	NA	NA
Hu_ASV_271	NA	NA	NA	NA	NA	NA	NA
Hu_ASV_272	Fungi	Basidiomycota	Malasseziomycetes	Malasseziales	Malasseziaceae	Malassezia	globosa
Hu_ASV_273	NA	NA	NA	NA	NA	NA	NA
Hu_ASV_274	NA	NA	NA	NA	NA	NA	NA
Hu_ASV_275	NA	NA	NA	NA	NA	NA	NA
Hu_ASV_276	NA	NA	NA	NA	NA	NA	NA
Hu_ASV_277	NA	NA	NA	NA	NA	NA	NA
Hu_ASV_278	NA	NA	NA	NA	NA	NA	NA
Hu_ASV_279	Fungi	Ascomycota	Dothideomycetes	Pleosporales	Didymellaceae	Didymella	glomerata
Hu_ASV_280	Fungi	Ascomycota	Saccharomycetes	Saccharomycetales	Saccharomycodaceae	Hanseniaspora	uvarum
Hu_ASV_281	NA	NA	NA	NA	NA	NA	NA
Hu_ASV_282	NA	NA	NA	NA	NA	NA	NA
Hu_ASV_283	NA	NA	NA	NA	NA	NA	NA
Hu_ASV_284	NA	NA	NA	NA	NA	NA	NA
Hu_ASV_285	Fungi	NA	NA	NA	NA	NA	NA
Hu_ASV_286	NA	NA	NA	NA	NA	NA	NA
Hu_ASV_287	NA	NA	NA	NA	NA	NA	NA
Hu_ASV_288	Fungi	NA	NA	NA	NA	NA	NA
Hu_ASV_289	NA	NA	NA	NA	NA	NA	NA
Hu_ASV_290	NA	NA	NA	NA	NA	NA	NA
Hu_ASV_291	Fungi	Ascomycota	Saccharomycetes	Saccharomycetales	Saccharomycetales_fam_Incertae_sedis	Candida	albicans
Hu_ASV_292	Fungi	Basidiomycota	Malasseziomycetes	Malasseziales	Malasseziaceae	Malassezia	arunalokei
Hu_ASV_293	NA	NA	NA	NA	NA	NA	NA
Hu_ASV_294	NA	NA	NA	NA	NA	NA	NA
Hu_ASV_295	NA	NA	NA	NA	NA	NA	NA
Hu_ASV_296	NA	NA	NA	NA	NA	NA	NA
Hu_ASV_297	Fungi	Ascomycota	Saccharomycetes	Saccharomycetales	Saccharomycetaceae	Torulaspora	delbrueckii
Hu_ASV_298	NA	NA	NA	NA	NA	NA	NA
Hu_ASV_299	NA	NA	NA	NA	NA	NA	NA
Hu_ASV_300	NA	NA	NA	NA	NA	NA	NA
Hu_ASV_301	Fungi	Basidiomycota	Malasseziomycetes	Malasseziales	Malasseziaceae	Malassezia	globosa
Hu_ASV_302	Fungi	NA	NA	NA	NA	Candida	[Candida] pseudoflosculorum
Hu_ASV_303	NA	NA	NA	NA	NA	NA	NA
Hu_ASV_304	NA	NA	NA	NA	NA	NA	NA
Hu_ASV_305	NA	NA	NA	NA	NA	NA	NA
Hu_ASV_306	NA	NA	NA	NA	NA	NA	NA
Hu_ASV_307	Fungi	NA	NA	NA	NA	NA	NA
Hu_ASV_308	NA	NA	NA	NA	NA	NA	NA
Hu_ASV_309	NA	NA	NA	NA	NA	NA	NA
Hu_ASV_310	NA	NA	NA	NA	NA	NA	NA
Hu_ASV_311	NA	NA	NA	NA	NA	NA	NA
Hu_ASV_312	Fungi	NA	NA	NA	NA	NA	NA
Hu_ASV_313	NA	NA	NA	NA	NA	NA	NA
Hu_ASV_314	NA	NA	NA	NA	NA	NA	NA
Hu_ASV_315	NA	NA	NA	NA	NA	NA	NA
Hu_ASV_316	NA	NA	NA	NA	NA	NA	NA
Hu_ASV_317	NA	NA	NA	NA	NA	NA	NA
Hu_ASV_318	Fungi	Basidiomycota	NA	NA	NA	NA	NA
Hu_ASV_319	NA	NA	NA	NA	NA	NA	NA
Hu_ASV_320	NA	NA	NA	NA	NA	NA	NA
Hu_ASV_321	NA	NA	NA	NA	NA	NA	NA
Hu_ASV_322	NA	NA	NA	NA	NA	NA	NA
Hu_ASV_323	NA	NA	NA	NA	NA	NA	NA
Hu_ASV_324	NA	NA	NA	NA	NA	NA	NA
Hu_ASV_325	NA	NA	NA	NA	NA	NA	NA
Hu_ASV_326	NA	NA	NA	NA	NA	NA	NA
Hu_ASV_327	NA	NA	NA	NA	NA	NA	NA
Hu_ASV_328	NA	NA	NA	NA	NA	NA	NA
Hu_ASV_329	NA	NA	NA	NA	NA	NA	NA
Hu_ASV_330	Fungi	NA	NA	NA	NA	NA	NA
Hu_ASV_331	NA	NA	NA	NA	NA	NA	NA
Hu_ASV_332	NA	NA	NA	NA	NA	NA	NA
Hu_ASV_333	NA	NA	NA	NA	NA	NA	NA
Hu_ASV_334	NA	NA	NA	NA	NA	NA	NA
Hu_ASV_335	Fungi	Ascomycota	Leotiomycetes	Helotiales	Helotiaceae	Claussenomyces	NA
Hu_ASV_336	NA	NA	NA	NA	NA	NA	NA
Hu_ASV_337	NA	NA	NA	NA	NA	NA	NA
Hu_ASV_338	NA	NA	NA	NA	NA	NA	NA
Hu_ASV_339	NA	NA	NA	NA	NA	NA	NA
Hu_ASV_340	Fungi	NA	NA	NA	NA	NA	NA
Hu_ASV_341	NA	NA	NA	NA	NA	NA	NA
Hu_ASV_342	NA	NA	NA	NA	NA	NA	NA
Hu_ASV_343	NA	NA	NA	NA	NA	NA	NA
Hu_ASV_344	NA	NA	NA	NA	NA	NA	NA
Hu_ASV_345	NA	NA	NA	NA	NA	NA	NA
Hu_ASV_346	Fungi	Ascomycota	NA	NA	NA	NA	NA
Hu_ASV_347	NA	NA	NA	NA	NA	NA	NA
Hu_ASV_348	NA	NA	NA	NA	NA	NA	NA
Hu_ASV_349	NA	NA	NA	NA	NA	NA	NA
Hu_ASV_350	NA	NA	NA	NA	NA	NA	NA
Hu_ASV_351	NA	NA	NA	NA	NA	NA	NA
Hu_ASV_352	NA	NA	NA	NA	NA	NA	NA
Hu_ASV_353	NA	NA	NA	NA	NA	NA	NA
Hu_ASV_354	NA	NA	NA	NA	NA	NA	NA
Hu_ASV_355	NA	NA	NA	NA	NA	NA	NA
Hu_ASV_356	NA	NA	NA	NA	NA	NA	NA
Hu_ASV_357	NA	NA	NA	NA	NA	NA	NA
Hu_ASV_358	NA	NA	NA	NA	NA	NA	NA
Hu_ASV_359	NA	NA	NA	NA	NA	NA	NA
Hu_ASV_360	NA	NA	NA	NA	NA	NA	NA
Hu_ASV_361	NA	NA	NA	NA	NA	NA	NA
Hu_ASV_362	Fungi	NA	NA	NA	NA	NA	NA
Hu_ASV_363	NA	NA	NA	NA	NA	NA	NA
Hu_ASV_364	NA	NA	NA	NA	NA	NA	NA
Hu_ASV_365	Fungi	NA	NA	NA	NA	NA	NA
Hu_ASV_366	NA	NA	NA	NA	NA	NA	NA
Hu_ASV_367	Fungi	NA	NA	NA	NA	NA	NA
Hu_ASV_368	NA	NA	NA	NA	NA	NA	NA
Hu_ASV_369	NA	NA	NA	NA	NA	NA	NA
Hu_ASV_370	NA	NA	NA	NA	NA	NA	NA
Hu_ASV_371	NA	NA	NA	NA	NA	NA	NA
Hu_ASV_372	NA	NA	NA	NA	NA	NA	NA
Hu_ASV_373	Fungi	NA	NA	NA	NA	NA	NA
Hu_ASV_374	Viridiplantae	Anthophyta	Eudicotyledonae	Apiales	Apiaceae	Daucus	NA
Hu_ASV_375	NA	NA	NA	NA	NA	NA	NA
Hu_ASV_376	NA	NA	NA	NA	NA	NA	NA
Hu_ASV_377	NA	NA	NA	NA	NA	NA	NA
Hu_ASV_378	Fungi	NA	NA	NA	NA	NA	NA
Hu_ASV_379	NA	NA	NA	NA	NA	NA	NA
Hu_ASV_380	NA	NA	NA	NA	NA	NA	NA
Hu_ASV_381	NA	NA	NA	NA	NA	NA	NA
Hu_ASV_382	Viridiplantae	Anthophyta	NA	NA	NA	NA	NA
Hu_ASV_383	Fungi	Ascomycota	Saccharomycetes	Saccharomycetales	Saccharomycetales_fam_Incertae_sedis	Starmerella	bacillaris
Hu_ASV_384	NA	NA	NA	NA	NA	NA	NA
Hu_ASV_385	Fungi	Basidiomycota	Agaricomycetes	Agaricales	Agaricaceae	Agaricus	bisporus
Hu_ASV_386	NA	NA	NA	NA	NA	NA	NA
Hu_ASV_387	NA	NA	NA	NA	NA	NA	NA
Hu_ASV_388	NA	NA	NA	NA	NA	NA	NA
Hu_ASV_389	NA	NA	NA	NA	NA	NA	NA
Hu_ASV_390	NA	NA	NA	NA	NA	NA	NA
Hu_ASV_391	NA	NA	NA	NA	NA	NA	NA
Hu_ASV_392	NA	NA	NA	NA	NA	NA	NA
Hu_ASV_393	NA	NA	NA	NA	NA	NA	NA
Hu_ASV_394	Fungi	NA	NA	NA	NA	NA	NA
Hu_ASV_395	NA	NA	NA	NA	NA	NA	NA
Hu_ASV_396	Fungi	NA	NA	NA	NA	NA	NA
Hu_ASV_397	Fungi	Ascomycota	Saccharomycetes	Saccharomycetales	Phaffomycetaceae	Cyberlindnera	jadinii
Hu_ASV_398	Fungi	Ascomycota	Dothideomycetes	Capnodiales	Cladosporiaceae	Cladosporium	NA
Hu_ASV_399	Viridiplantae	NA	NA	NA	NA	NA	NA
Hu_ASV_400	NA	NA	NA	NA	NA	NA	NA
Hu_ASV_401	NA	NA	NA	NA	NA	NA	NA
Hu_ASV_402	Fungi	NA	NA	NA	NA	NA	NA
Hu_ASV_403	NA	NA	NA	NA	NA	NA	NA
Hu_ASV_404	Fungi	NA	NA	NA	NA	NA	NA
Hu_ASV_405	NA	NA	NA	NA	NA	NA	NA
Hu_ASV_406	NA	NA	NA	NA	NA	NA	NA
Hu_ASV_407	Fungi	NA	NA	NA	NA	NA	NA
Hu_ASV_408	NA	NA	NA	NA	NA	NA	NA
Hu_ASV_409	NA	NA	NA	NA	NA	NA	NA
Hu_ASV_410	NA	NA	NA	NA	NA	NA	NA
Hu_ASV_411	NA	NA	NA	NA	NA	NA	NA
Hu_ASV_412	NA	NA	NA	NA	NA	NA	NA
Hu_ASV_413	Fungi	Basidiomycota	Malasseziomycetes	Malasseziales	Malasseziaceae	Malassezia	globosa
Hu_ASV_414	NA	NA	NA	NA	NA	NA	NA
Hu_ASV_415	NA	NA	NA	NA	NA	NA	NA
Hu_ASV_416	NA	NA	NA	NA	NA	NA	NA
Hu_ASV_417	NA	NA	NA	NA	NA	NA	NA
Hu_ASV_418	NA	NA	NA	NA	NA	NA	NA
Hu_ASV_419	NA	NA	NA	NA	NA	NA	NA
Hu_ASV_420	NA	NA	NA	NA	NA	NA	NA
Hu_ASV_421	Fungi	NA	NA	NA	NA	NA	NA
Hu_ASV_422	NA	NA	NA	NA	NA	NA	NA
Hu_ASV_423	NA	NA	NA	NA	NA	NA	NA
Hu_ASV_424	NA	NA	NA	NA	NA	NA	NA
Hu_ASV_425	NA	NA	NA	NA	NA	NA	NA
Hu_ASV_426	NA	NA	NA	NA	NA	NA	NA
Hu_ASV_427	NA	NA	NA	NA	NA	NA	NA
Hu_ASV_428	NA	NA	NA	NA	NA	NA	NA
Hu_ASV_429	Fungi	NA	NA	NA	NA	NA	NA
Hu_ASV_430	NA	NA	NA	NA	NA	NA	NA
Hu_ASV_431	NA	NA	NA	NA	NA	NA	NA
Hu_ASV_432	NA	NA	NA	NA	NA	NA	NA
Hu_ASV_433	Viridiplantae	NA	NA	NA	NA	NA	NA
Hu_ASV_434	NA	NA	NA	NA	NA	NA	NA
Hu_ASV_435	NA	NA	NA	NA	NA	NA	NA
Hu_ASV_436	NA	NA	NA	NA	NA	NA	NA
Hu_ASV_437	NA	NA	NA	NA	NA	NA	NA
Hu_ASV_438	NA	NA	NA	NA	NA	NA	NA
Hu_ASV_439	Fungi	Basidiomycota	Microbotryomycetes	Sporidiobolales	Sporidiobolaceae	Sporobolomyces	patagonicus
Hu_ASV_440	NA	NA	NA	NA	NA	NA	NA
Hu_ASV_441	NA	NA	NA	NA	NA	NA	NA
Hu_ASV_442	NA	NA	NA	NA	NA	NA	NA
Hu_ASV_443	NA	NA	NA	NA	NA	NA	NA
Hu_ASV_444	NA	NA	NA	NA	NA	NA	NA
Hu_ASV_445	Fungi	NA	NA	NA	NA	NA	NA
Hu_ASV_446	NA	NA	NA	NA	NA	NA	NA
Hu_ASV_447	NA	NA	NA	NA	NA	NA	NA
Hu_ASV_448	NA	NA	NA	NA	NA	NA	NA
Hu_ASV_449	NA	NA	NA	NA	NA	NA	NA
Hu_ASV_450	NA	NA	NA	NA	NA	NA	NA
Hu_ASV_451	NA	NA	NA	NA	NA	NA	NA
Hu_ASV_452	NA	NA	NA	NA	NA	NA	NA
Hu_ASV_453	Fungi	NA	NA	NA	NA	NA	NA
Hu_ASV_454	NA	NA	NA	NA	NA	NA	NA
Hu_ASV_455	NA	NA	NA	NA	NA	NA	NA
Hu_ASV_456	NA	NA	NA	NA	NA	NA	NA
Hu_ASV_457	Fungi	NA	NA	NA	NA	NA	NA
Hu_ASV_458	Fungi	NA	NA	NA	NA	NA	NA
Hu_ASV_459	Fungi	Ascomycota	Saccharomycetes	Saccharomycetales	Saccharomycetales_fam_Incertae_sedis	Candida	albicans
Hu_ASV_460	NA	NA	NA	NA	NA	NA	NA
Hu_ASV_461	NA	NA	NA	NA	NA	NA	NA
Hu_ASV_462	Fungi	NA	NA	NA	NA	NA	NA
Hu_ASV_463	NA	NA	NA	NA	NA	NA	NA
Hu_ASV_464	Fungi	Basidiomycota	Malasseziomycetes	Malasseziales	Malasseziaceae	Malassezia	dermatis
Hu_ASV_465	NA	NA	NA	NA	NA	NA	NA
Hu_ASV_466	Metazoa	NA	NA	NA	NA	NA	NA
Hu_ASV_467	NA	NA	NA	NA	NA	NA	NA
Hu_ASV_468	NA	NA	NA	NA	NA	NA	NA
Hu_ASV_469	NA	NA	NA	NA	NA	NA	NA
Hu_ASV_470	NA	NA	NA	NA	NA	NA	NA
Hu_ASV_471	NA	NA	NA	NA	NA	NA	NA
Hu_ASV_472	NA	NA	NA	NA	NA	NA	NA
Hu_ASV_473	NA	NA	NA	NA	NA	NA	NA
Hu_ASV_474	NA	NA	NA	NA	NA	NA	NA
Hu_ASV_475	NA	NA	NA	NA	NA	NA	NA
Hu_ASV_476	NA	NA	NA	NA	NA	NA	NA
Hu_ASV_477	NA	NA	NA	NA	NA	NA	NA
Hu_ASV_478	Fungi	NA	NA	NA	NA	NA	NA
Hu_ASV_479	NA	NA	NA	NA	NA	NA	NA
Hu_ASV_480	NA	NA	NA	NA	NA	NA	NA
Hu_ASV_481	NA	NA	NA	NA	NA	NA	NA
Hu_ASV_482	Fungi	NA	NA	NA	NA	NA	NA
Hu_ASV_483	NA	NA	NA	NA	NA	NA	NA
Hu_ASV_484	NA	NA	NA	NA	NA	NA	NA
Hu_ASV_485	NA	NA	NA	NA	NA	NA	NA
Hu_ASV_486	NA	NA	NA	NA	NA	NA	NA
Hu_ASV_487	NA	NA	NA	NA	NA	NA	NA
Hu_ASV_488	NA	NA	NA	NA	NA	NA	NA
Hu_ASV_489	NA	NA	NA	NA	NA	NA	NA
Hu_ASV_490	Fungi	NA	NA	NA	NA	NA	NA
Hu_ASV_491	NA	NA	NA	NA	NA	NA	NA
Hu_ASV_492	NA	NA	NA	NA	NA	NA	NA
Hu_ASV_493	NA	NA	NA	NA	NA	NA	NA
Hu_ASV_494	NA	NA	NA	NA	NA	NA	NA
Hu_ASV_495	NA	NA	NA	NA	NA	NA	NA
Hu_ASV_496	NA	NA	NA	NA	NA	NA	NA
Hu_ASV_497	NA	NA	NA	NA	NA	NA	NA
Hu_ASV_498	NA	NA	NA	NA	NA	NA	NA
Hu_ASV_499	NA	NA	NA	NA	NA	NA	NA
Hu_ASV_500	NA	NA	NA	NA	NA	NA	NA
Hu_ASV_501	NA	NA	NA	NA	NA	NA	NA
Hu_ASV_502	Metazoa	NA	NA	NA	NA	NA	NA
Hu_ASV_503	NA	NA	NA	NA	NA	NA	NA
Hu_ASV_504	NA	NA	NA	NA	NA	NA	NA
Hu_ASV_505	NA	NA	NA	NA	NA	NA	NA
Hu_ASV_506	NA	NA	NA	NA	NA	NA	NA
Hu_ASV_507	NA	NA	NA	NA	NA	NA	NA
Hu_ASV_508	NA	NA	NA	NA	NA	NA	NA
Hu_ASV_509	NA	NA	NA	NA	NA	NA	NA
Hu_ASV_510	NA	NA	NA	NA	NA	NA	NA
Hu_ASV_511	NA	NA	NA	NA	NA	NA	NA
Hu_ASV_512	NA	NA	NA	NA	NA	NA	NA
Hu_ASV_513	Fungi	Basidiomycota	Tremellomycetes	Tremellales	Bulleribasidiaceae	Vishniacozyma	NA
Hu_ASV_514	Metazoa	NA	NA	NA	NA	NA	NA
Hu_ASV_515	NA	NA	NA	NA	NA	NA	NA
Hu_ASV_516	NA	NA	NA	NA	NA	NA	NA
Hu_ASV_517	NA	NA	NA	NA	NA	NA	NA
Hu_ASV_518	NA	NA	NA	NA	NA	NA	NA
Hu_ASV_519	NA	NA	NA	NA	NA	NA	NA
Hu_ASV_520	NA	NA	NA	NA	NA	NA	NA
Hu_ASV_521	NA	NA	NA	NA	NA	NA	NA
Hu_ASV_522	NA	NA	NA	NA	NA	NA	NA
Hu_ASV_523	NA	NA	NA	NA	NA	NA	NA
Hu_ASV_524	NA	NA	NA	NA	NA	NA	NA
Hu_ASV_525	NA	NA	NA	NA	NA	NA	NA
Hu_ASV_526	NA	NA	NA	NA	NA	NA	NA
Hu_ASV_527	NA	NA	NA	NA	NA	NA	NA
Hu_ASV_528	Viridiplantae	Anthophyta	Monocotyledonae	NA	Alliaceae	Allium	altaicum
Hu_ASV_529	NA	NA	NA	NA	NA	NA	NA
Hu_ASV_530	NA	NA	NA	NA	NA	NA	NA
Hu_ASV_531	NA	NA	NA	NA	NA	NA	NA
Hu_ASV_532	NA	NA	NA	NA	NA	NA	NA
Hu_ASV_533	NA	NA	NA	NA	NA	NA	NA
Hu_ASV_534	NA	NA	NA	NA	NA	NA	NA
Hu_ASV_535	NA	NA	NA	NA	NA	NA	NA
Hu_ASV_536	NA	NA	NA	NA	NA	NA	NA
Hu_ASV_537	NA	NA	NA	NA	NA	NA	NA
Hu_ASV_538	NA	NA	NA	NA	NA	NA	NA
Hu_ASV_539	NA	NA	NA	NA	NA	NA	NA
Hu_ASV_540	NA	NA	NA	NA	NA	NA	NA
Hu_ASV_541	NA	NA	NA	NA	NA	NA	NA
Hu_ASV_542	NA	NA	NA	NA	NA	NA	NA
Hu_ASV_543	NA	NA	NA	NA	NA	NA	NA
Hu_ASV_544	Fungi	NA	NA	NA	NA	NA	NA
Hu_ASV_545	NA	NA	NA	NA	NA	NA	NA
Hu_ASV_546	Fungi	Basidiomycota	Cystobasidiomycetes	NA	NA	Cystobasidium	Cystobasidium psychroaquaticum
Hu_ASV_547	NA	NA	NA	NA	NA	NA	NA
Hu_ASV_548	NA	NA	NA	NA	NA	NA	NA
Hu_ASV_549	Fungi	NA	NA	NA	NA	NA	NA
Hu_ASV_550	NA	NA	NA	NA	NA	NA	NA
Hu_ASV_551	NA	NA	NA	NA	NA	NA	NA
Hu_ASV_552	NA	NA	NA	NA	NA	NA	NA
Hu_ASV_553	NA	NA	NA	NA	NA	NA	NA
Hu_ASV_554	NA	NA	NA	NA	NA	NA	NA
Hu_ASV_555	NA	NA	NA	NA	NA	NA	NA
Hu_ASV_556	NA	NA	NA	NA	NA	NA	NA
Hu_ASV_557	NA	NA	NA	NA	NA	NA	NA
Hu_ASV_558	NA	NA	NA	NA	NA	NA	NA
Hu_ASV_559	NA	NA	NA	NA	NA	NA	NA
Hu_ASV_560	NA	NA	NA	NA	NA	NA	NA
Hu_ASV_561	NA	NA	NA	NA	NA	NA	NA
Hu_ASV_562	NA	NA	NA	NA	NA	NA	NA
Hu_ASV_563	NA	NA	NA	NA	NA	NA	NA
Hu_ASV_564	NA	NA	NA	NA	NA	NA	NA
Hu_ASV_565	NA	NA	NA	NA	NA	NA	NA
Hu_ASV_566	NA	NA	NA	NA	NA	NA	NA
Hu_ASV_567	NA	NA	NA	NA	NA	NA	NA
Hu_ASV_568	NA	NA	NA	NA	NA	NA	NA
Hu_ASV_569	NA	NA	NA	NA	NA	NA	NA
Hu_ASV_570	NA	NA	NA	NA	NA	NA	NA
Hu_ASV_571	NA	NA	NA	NA	NA	NA	NA
Hu_ASV_572	NA	NA	NA	NA	NA	NA	NA
Hu_ASV_573	NA	NA	NA	NA	NA	NA	NA
Hu_ASV_574	NA	NA	NA	NA	NA	NA	NA
Hu_ASV_575	NA	NA	NA	NA	NA	NA	NA
Hu_ASV_576	NA	NA	NA	NA	NA	NA	NA
Hu_ASV_577	NA	NA	NA	NA	NA	NA	NA
Hu_ASV_578	Fungi	Basidiomycota	Tremellomycetes	Trichosporonales	Trichosporonaceae	Trichosporon	asahii
Hu_ASV_579	Fungi	Ascomycota	Saccharomycetes	Saccharomycetales	Saccharomycetales_fam_Incertae_sedis	Candida	albicans
Hu_ASV_580	NA	NA	NA	NA	NA	NA	NA
Hu_ASV_581	NA	NA	NA	NA	NA	NA	NA
Hu_ASV_582	Metazoa	NA	NA	NA	NA	NA	NA
Hu_ASV_583	Fungi	NA	NA	NA	NA	NA	NA
Hu_ASV_584	NA	NA	NA	NA	NA	NA	NA
Hu_ASV_585	NA	NA	NA	NA	NA	NA	NA
Hu_ASV_586	Fungi	NA	NA	NA	NA	NA	NA
Hu_ASV_587	NA	NA	NA	NA	NA	NA	NA
Hu_ASV_588	NA	NA	NA	NA	NA	NA	NA
Hu_ASV_589	NA	NA	NA	NA	NA	NA	NA
Hu_ASV_590	NA	NA	NA	NA	NA	NA	NA
Hu_ASV_591	NA	NA	NA	NA	NA	NA	NA
Hu_ASV_592	NA	NA	NA	NA	NA	NA	NA
Hu_ASV_593	NA	NA	NA	NA	NA	NA	NA
Hu_ASV_594	NA	NA	NA	NA	NA	NA	NA
Hu_ASV_595	NA	NA	NA	NA	NA	NA	NA
Hu_ASV_596	NA	NA	NA	NA	NA	NA	NA
Hu_ASV_597	NA	NA	NA	NA	NA	NA	NA
Hu_ASV_598	Fungi	NA	NA	NA	NA	NA	NA
Hu_ASV_599	NA	NA	NA	NA	NA	NA	NA
Hu_ASV_600	NA	NA	NA	NA	NA	NA	NA
Hu_ASV_601	NA	NA	NA	NA	NA	NA	NA
Hu_ASV_602	NA	NA	NA	NA	NA	NA	NA
Hu_ASV_603	NA	NA	NA	NA	NA	NA	NA
Hu_ASV_604	NA	NA	NA	NA	NA	NA	NA
Hu_ASV_605	NA	NA	NA	NA	NA	NA	NA
Hu_ASV_606	NA	NA	NA	NA	NA	NA	NA
Hu_ASV_607	NA	NA	NA	NA	NA	NA	NA
Hu_ASV_608	Fungi	NA	NA	NA	NA	NA	NA
Hu_ASV_609	NA	NA	NA	NA	NA	NA	NA
Hu_ASV_610	NA	NA	NA	NA	NA	NA	NA
Hu_ASV_611	NA	NA	NA	NA	NA	NA	NA
Hu_ASV_612	Protista	NA	NA	NA	NA	NA	NA
Hu_ASV_613	NA	NA	NA	NA	NA	NA	NA
Hu_ASV_614	NA	NA	NA	NA	NA	NA	NA
Hu_ASV_615	NA	NA	NA	NA	NA	NA	NA
Hu_ASV_616	NA	NA	NA	NA	NA	NA	NA
Hu_ASV_617	NA	NA	NA	NA	NA	NA	NA
Hu_ASV_618	NA	NA	NA	NA	NA	NA	NA
Hu_ASV_619	NA	NA	NA	NA	NA	NA	NA
Hu_ASV_620	NA	NA	NA	NA	NA	NA	NA
Hu_ASV_621	NA	NA	NA	NA	NA	NA	NA
Hu_ASV_622	NA	NA	NA	NA	NA	NA	NA
Hu_ASV_623	NA	NA	NA	NA	NA	NA	NA
Hu_ASV_624	NA	NA	NA	NA	NA	NA	NA
Hu_ASV_625	NA	NA	NA	NA	NA	NA	NA
Hu_ASV_626	NA	NA	NA	NA	NA	NA	NA
Hu_ASV_627	Viridiplantae	NA	NA	NA	NA	NA	NA
Hu_ASV_628	NA	NA	NA	NA	NA	NA	NA
Hu_ASV_629	NA	NA	NA	NA	NA	NA	NA
Hu_ASV_630	Fungi	NA	NA	NA	NA	NA	NA
Hu_ASV_631	NA	NA	NA	NA	NA	NA	NA
Hu_ASV_632	NA	NA	NA	NA	NA	NA	NA
Hu_ASV_633	NA	NA	NA	NA	NA	NA	NA
Hu_ASV_634	NA	NA	NA	NA	NA	NA	NA
Hu_ASV_635	Fungi	Ascomycota	NA	NA	NA	NA	NA
Hu_ASV_636	NA	NA	NA	NA	NA	NA	NA
Hu_ASV_637	NA	NA	NA	NA	NA	NA	NA
Hu_ASV_638	NA	NA	NA	NA	NA	NA	NA
Hu_ASV_639	NA	NA	NA	NA	NA	NA	NA
Hu_ASV_640	NA	NA	NA	NA	NA	NA	NA
Hu_ASV_641	Fungi	Ascomycota	Saccharomycetes	Saccharomycetales	Saccharomycetales_fam_Incertae_sedis	Candida	albicans
Hu_ASV_642	NA	NA	NA	NA	NA	NA	NA
Hu_ASV_643	NA	NA	NA	NA	NA	NA	NA
Hu_ASV_644	NA	NA	NA	NA	NA	NA	NA
Hu_ASV_645	NA	NA	NA	NA	NA	NA	NA
Hu_ASV_646	NA	NA	NA	NA	NA	NA	NA
Hu_ASV_647	Viridiplantae	NA	NA	NA	NA	NA	NA
Hu_ASV_648	NA	NA	NA	NA	NA	NA	NA
Hu_ASV_649	NA	NA	NA	NA	NA	NA	NA
Hu_ASV_650	NA	NA	NA	NA	NA	NA	NA
Hu_ASV_651	NA	NA	NA	NA	NA	NA	NA
Hu_ASV_652	NA	NA	NA	NA	NA	NA	NA
Hu_ASV_653	NA	NA	NA	NA	NA	NA	NA
Hu_ASV_654	NA	NA	NA	NA	NA	NA	NA
Hu_ASV_655	NA	NA	NA	NA	NA	NA	NA
Hu_ASV_656	NA	NA	NA	NA	NA	NA	NA
Hu_ASV_657	Fungi	NA	NA	NA	NA	NA	NA
Hu_ASV_658	NA	NA	NA	NA	NA	NA	NA
Hu_ASV_659	NA	NA	NA	NA	NA	NA	NA
Hu_ASV_660	NA	NA	NA	NA	NA	NA	NA
Hu_ASV_661	NA	NA	NA	NA	NA	NA	NA
Hu_ASV_662	NA	NA	NA	NA	NA	NA	NA
Hu_ASV_663	NA	NA	NA	NA	NA	NA	NA
Hu_ASV_664	NA	NA	NA	NA	NA	NA	NA
Hu_ASV_665	NA	NA	NA	NA	NA	NA	NA
Hu_ASV_666	NA	NA	NA	NA	NA	NA	NA
Hu_ASV_667	Fungi	NA	NA	NA	NA	NA	NA
Hu_ASV_668	NA	NA	NA	NA	NA	NA	NA
Hu_ASV_669	NA	NA	NA	NA	NA	NA	NA
Hu_ASV_670	NA	NA	NA	NA	NA	NA	NA
Hu_ASV_671	NA	NA	NA	NA	NA	NA	NA
Hu_ASV_672	Fungi	Ascomycota	Saccharomycetes	Saccharomycetales	Saccharomycetaceae	Nakaseomyces	NA
Hu_ASV_673	NA	NA	NA	NA	NA	NA	NA
Hu_ASV_674	NA	NA	NA	NA	NA	NA	NA
Hu_ASV_675	NA	NA	NA	NA	NA	NA	NA
Hu_ASV_676	Protista	NA	NA	NA	NA	NA	NA
Hu_ASV_677	NA	NA	NA	NA	NA	NA	NA
Hu_ASV_678	NA	NA	NA	NA	NA	NA	NA
Hu_ASV_679	NA	NA	NA	NA	NA	NA	NA
Hu_ASV_680	NA	NA	NA	NA	NA	NA	NA
Hu_ASV_681	NA	NA	NA	NA	NA	NA	NA
Hu_ASV_682	Fungi	NA	NA	NA	NA	NA	NA
Hu_ASV_683	NA	NA	NA	NA	NA	NA	NA
Hu_ASV_684	NA	NA	NA	NA	NA	NA	NA
Hu_ASV_685	NA	NA	NA	NA	NA	NA	NA
Hu_ASV_686	NA	NA	NA	NA	NA	NA	NA
Hu_ASV_687	Fungi	Ascomycota	NA	NA	NA	NA	NA
Hu_ASV_688	NA	NA	NA	NA	NA	NA	NA
Hu_ASV_689	NA	NA	NA	NA	NA	NA	NA
Hu_ASV_690	NA	NA	NA	NA	NA	NA	NA
Hu_ASV_691	Fungi	Basidiomycota	Malasseziomycetes	Malasseziales	Malasseziaceae	Malassezia	obtusa
Hu_ASV_692	NA	NA	NA	NA	NA	NA	NA
Hu_ASV_693	Fungi	NA	NA	NA	NA	NA	NA
Hu_ASV_694	NA	NA	NA	NA	NA	NA	NA
Hu_ASV_695	NA	NA	NA	NA	NA	NA	NA
Hu_ASV_696	NA	NA	NA	NA	NA	NA	NA
Hu_ASV_697	NA	NA	NA	NA	NA	NA	NA
Hu_ASV_698	Fungi	NA	NA	NA	NA	NA	NA
Hu_ASV_699	Fungi	NA	NA	NA	NA	NA	NA
Hu_ASV_700	NA	NA	NA	NA	NA	NA	NA
Hu_ASV_701	NA	NA	NA	NA	NA	NA	NA
Hu_ASV_702	NA	NA	NA	NA	NA	NA	NA
Hu_ASV_703	NA	NA	NA	NA	NA	NA	NA
Hu_ASV_704	NA	NA	NA	NA	NA	NA	NA
Hu_ASV_705	NA	NA	NA	NA	NA	NA	NA
Hu_ASV_706	NA	NA	NA	NA	NA	NA	NA
Hu_ASV_707	NA	NA	NA	NA	NA	NA	NA
Hu_ASV_708	NA	NA	NA	NA	NA	NA	NA
Hu_ASV_709	NA	NA	NA	NA	NA	NA	NA
Hu_ASV_710	NA	NA	NA	NA	NA	NA	NA
Hu_ASV_711	NA	NA	NA	NA	NA	NA	NA
Hu_ASV_712	NA	NA	NA	NA	NA	NA	NA
Hu_ASV_713	NA	NA	NA	NA	NA	NA	NA
Hu_ASV_714	Fungi	Ascomycota	NA	NA	NA	NA	NA
Hu_ASV_715	NA	NA	NA	NA	NA	NA	NA
Hu_ASV_716	NA	NA	NA	NA	NA	NA	NA
Hu_ASV_717	NA	NA	NA	NA	NA	NA	NA
Hu_ASV_718	NA	NA	NA	NA	NA	NA	NA
Hu_ASV_719	NA	NA	NA	NA	NA	NA	NA
Hu_ASV_720	NA	NA	NA	NA	NA	NA	NA
Hu_ASV_721	NA	NA	NA	NA	NA	NA	NA
Hu_ASV_722	NA	NA	NA	NA	NA	NA	NA
Hu_ASV_723	NA	NA	NA	NA	NA	NA	NA
Hu_ASV_724	NA	NA	NA	NA	NA	NA	NA
Hu_ASV_725	Fungi	Basidiomycota	Agaricomycetes	Agaricales	Agaricaceae	Agaricus	bisporus
Hu_ASV_726	Fungi	Ascomycota	Saccharomycetes	Saccharomycetales	Saccharomycetaceae	Kazachstania	exigua
Hu_ASV_727	NA	NA	NA	NA	NA	NA	NA
Hu_ASV_728	NA	NA	NA	NA	NA	NA	NA
Hu_ASV_729	NA	NA	NA	NA	NA	NA	NA
Hu_ASV_730	NA	NA	NA	NA	NA	NA	NA
Hu_ASV_731	Fungi	NA	NA	NA	NA	NA	NA
Hu_ASV_732	NA	NA	NA	NA	NA	NA	NA
Hu_ASV_733	NA	NA	NA	NA	NA	NA	NA
Hu_ASV_734	Fungi	Basidiomycota	Malasseziomycetes	Malasseziales	Malasseziaceae	Malassezia	obtusa
Hu_ASV_735	NA	NA	NA	NA	NA	NA	NA
Hu_ASV_736	NA	NA	NA	NA	NA	NA	NA
Hu_ASV_737	Fungi	NA	NA	NA	NA	NA	NA
Hu_ASV_738	NA	NA	NA	NA	NA	NA	NA
Hu_ASV_739	Fungi	NA	NA	NA	NA	NA	NA
Hu_ASV_740	NA	NA	NA	NA	NA	NA	NA
Hu_ASV_741	NA	NA	NA	NA	NA	NA	NA
Hu_ASV_742	NA	NA	NA	NA	NA	NA	NA
Hu_ASV_743	NA	NA	NA	NA	NA	NA	NA
Hu_ASV_744	NA	NA	NA	NA	NA	NA	NA
Hu_ASV_745	NA	NA	NA	NA	NA	NA	NA
Hu_ASV_746	NA	NA	NA	NA	NA	NA	NA
Hu_ASV_747	NA	NA	NA	NA	NA	NA	NA
Hu_ASV_748	NA	NA	NA	NA	NA	NA	NA
Hu_ASV_749	NA	NA	NA	NA	NA	NA	NA
Hu_ASV_750	NA	NA	NA	NA	NA	NA	NA
Hu_ASV_751	NA	NA	NA	NA	NA	NA	NA
Hu_ASV_752	NA	NA	NA	NA	NA	NA	NA
Hu_ASV_753	NA	NA	NA	NA	NA	NA	NA
Hu_ASV_754	NA	NA	NA	NA	NA	NA	NA
Hu_ASV_755	NA	NA	NA	NA	NA	NA	NA
Hu_ASV_756	NA	NA	NA	NA	NA	NA	NA
Hu_ASV_757	NA	NA	NA	NA	NA	NA	NA
Hu_ASV_758	NA	NA	NA	NA	NA	NA	NA
Hu_ASV_759	Fungi	Ascomycota	Saccharomycetes	Saccharomycetales	Saccharomycetaceae	Nakaseomyces	NA
Hu_ASV_760	NA	NA	NA	NA	NA	NA	NA
Hu_ASV_761	NA	NA	NA	NA	NA	NA	NA
Hu_ASV_762	Fungi	NA	NA	NA	NA	NA	NA
Hu_ASV_763	NA	NA	NA	NA	NA	NA	NA
Hu_ASV_764	Fungi	NA	NA	NA	NA	NA	NA
Hu_ASV_765	Fungi	NA	NA	NA	NA	NA	NA
Hu_ASV_766	NA	NA	NA	NA	NA	NA	NA
Hu_ASV_767	Fungi	NA	NA	NA	NA	NA	NA
Hu_ASV_768	NA	NA	NA	NA	NA	NA	NA
Hu_ASV_769	NA	NA	NA	NA	NA	NA	NA
Hu_ASV_770	NA	NA	NA	NA	NA	NA	NA
Hu_ASV_771	NA	NA	NA	NA	NA	NA	NA
Hu_ASV_772	Fungi	NA	NA	NA	NA	NA	NA
Hu_ASV_773	NA	NA	NA	NA	NA	NA	NA
Hu_ASV_774	NA	NA	NA	NA	NA	NA	NA
Hu_ASV_775	NA	NA	NA	NA	NA	NA	NA
Hu_ASV_776	NA	NA	NA	NA	NA	NA	NA
Hu_ASV_777	NA	NA	NA	NA	NA	NA	NA
Hu_ASV_778	NA	NA	NA	NA	NA	NA	NA
Hu_ASV_779	NA	NA	NA	NA	NA	NA	NA
Hu_ASV_780	NA	NA	NA	NA	NA	NA	NA
Hu_ASV_781	Fungi	NA	NA	NA	NA	NA	NA
Hu_ASV_782	NA	NA	NA	NA	NA	NA	NA
Hu_ASV_783	NA	NA	NA	NA	NA	NA	NA
Hu_ASV_784	NA	NA	NA	NA	NA	NA	NA
Hu_ASV_785	NA	NA	NA	NA	NA	NA	NA
Hu_ASV_786	NA	NA	NA	NA	NA	NA	NA
Hu_ASV_787	Fungi	Ascomycota	NA	NA	NA	NA	NA
Hu_ASV_788	Fungi	Ascomycota	NA	NA	NA	NA	NA
Hu_ASV_789	NA	NA	NA	NA	NA	NA	NA
Hu_ASV_790	NA	NA	NA	NA	NA	NA	NA
Hu_ASV_791	Fungi	Ascomycota	NA	NA	NA	NA	NA
Hu_ASV_792	NA	NA	NA	NA	NA	NA	NA
Hu_ASV_793	Fungi	Ascomycota	NA	NA	NA	NA	NA
Hu_ASV_794	Fungi	Ascomycota	Dothideomycetes	Dothideales	Aureobasidiaceae	Aureobasidium	pullulans
Hu_ASV_795	NA	NA	NA	NA	NA	NA	NA
Hu_ASV_796	NA	NA	NA	NA	NA	NA	NA
Hu_ASV_797	NA	NA	NA	NA	NA	NA	NA
Hu_ASV_798	NA	NA	NA	NA	NA	NA	NA
Hu_ASV_799	NA	NA	NA	NA	NA	NA	NA
Hu_ASV_800	NA	NA	NA	NA	NA	NA	NA
Hu_ASV_801	NA	NA	NA	NA	NA	NA	NA
Hu_ASV_802	NA	NA	NA	NA	NA	NA	NA
Hu_ASV_803	Fungi	NA	NA	NA	NA	NA	NA
Hu_ASV_804	NA	NA	NA	NA	NA	NA	NA
Hu_ASV_805	NA	NA	NA	NA	NA	NA	NA
Hu_ASV_806	NA	NA	NA	NA	NA	NA	NA
Hu_ASV_807	NA	NA	NA	NA	NA	NA	NA
Hu_ASV_808	NA	NA	NA	NA	NA	NA	NA
Hu_ASV_809	NA	NA	NA	NA	NA	NA	NA
Hu_ASV_810	Fungi	Ascomycota	Sordariomycetes	Coniochaetales	Coniochaetaceae	Coniochaeta	polymorpha
Hu_ASV_811	NA	NA	NA	NA	NA	NA	NA
Hu_ASV_812	Fungi	NA	NA	NA	NA	NA	NA
Hu_ASV_813	NA	NA	NA	NA	NA	NA	NA
Hu_ASV_814	NA	NA	NA	NA	NA	NA	NA
Hu_ASV_815	NA	NA	NA	NA	NA	NA	NA
Hu_ASV_816	Fungi	NA	NA	NA	NA	NA	NA
Hu_ASV_817	NA	NA	NA	NA	NA	NA	NA
Hu_ASV_818	NA	NA	NA	NA	NA	NA	NA
Hu_ASV_819	NA	NA	NA	NA	NA	NA	NA
Hu_ASV_820	NA	NA	NA	NA	NA	NA	NA
Hu_ASV_821	NA	NA	NA	NA	NA	NA	NA
Hu_ASV_822	NA	NA	NA	NA	NA	NA	NA
Hu_ASV_823	NA	NA	NA	NA	NA	NA	NA
Hu_ASV_824	NA	NA	NA	NA	NA	NA	NA
Hu_ASV_825	NA	NA	NA	NA	NA	NA	NA
Hu_ASV_826	Metazoa	NA	NA	NA	NA	NA	NA
Hu_ASV_827	Metazoa	NA	NA	NA	NA	NA	NA
Hu_ASV_828	NA	NA	NA	NA	NA	NA	NA
Hu_ASV_829	Fungi	NA	NA	NA	NA	NA	NA
Hu_ASV_830	NA	NA	NA	NA	NA	NA	NA
Hu_ASV_831	Fungi	Ascomycota	Sordariomycetes	Hypocreales	Nectriaceae	Fusarium	solani
Hu_ASV_832	NA	NA	NA	NA	NA	NA	NA
Hu_ASV_833	NA	NA	NA	NA	NA	NA	NA
Hu_ASV_834	NA	NA	NA	NA	NA	NA	NA
Hu_ASV_835	NA	NA	NA	NA	NA	NA	NA
Hu_ASV_836	NA	NA	NA	NA	NA	NA	NA
Hu_ASV_837	NA	NA	NA	NA	NA	NA	NA
Hu_ASV_838	NA	NA	NA	NA	NA	NA	NA
Hu_ASV_839	NA	NA	NA	NA	NA	NA	NA
Hu_ASV_840	NA	NA	NA	NA	NA	NA	NA
Hu_ASV_841	NA	NA	NA	NA	NA	NA	NA
Hu_ASV_842	NA	NA	NA	NA	NA	NA	NA
Hu_ASV_843	NA	NA	NA	NA	NA	NA	NA
Hu_ASV_844	NA	NA	NA	NA	NA	NA	NA
Hu_ASV_845	NA	NA	NA	NA	NA	NA	NA
Hu_ASV_846	NA	NA	NA	NA	NA	NA	NA
Hu_ASV_847	Fungi	NA	NA	NA	NA	NA	NA
Hu_ASV_848	Fungi	NA	NA	NA	NA	NA	NA
Hu_ASV_849	NA	NA	NA	NA	NA	NA	NA
Hu_ASV_850	NA	NA	NA	NA	NA	NA	NA
Hu_ASV_851	NA	NA	NA	NA	NA	NA	NA
Hu_ASV_852	NA	NA	NA	NA	NA	NA	NA
Hu_ASV_853	NA	NA	NA	NA	NA	NA	NA
Hu_ASV_854	Fungi	NA	NA	NA	NA	NA	NA
Hu_ASV_855	Fungi	Ascomycota	Dothideomycetes	Capnodiales	Cladosporiaceae	Cladosporium	NA
Hu_ASV_856	NA	NA	NA	NA	NA	NA	NA
Hu_ASV_857	NA	NA	NA	NA	NA	NA	NA
Hu_ASV_858	NA	NA	NA	NA	NA	NA	NA
Hu_ASV_859	NA	NA	NA	NA	NA	NA	NA
Hu_ASV_860	Fungi	NA	NA	NA	NA	NA	NA
Hu_ASV_861	NA	NA	NA	NA	NA	NA	NA
Hu_ASV_862	NA	NA	NA	NA	NA	NA	NA
Hu_ASV_863	NA	NA	NA	NA	NA	NA	NA
Hu_ASV_864	NA	NA	NA	NA	NA	NA	NA
Hu_ASV_865	Fungi	Ascomycota	NA	NA	NA	NA	NA
Hu_ASV_866	NA	NA	NA	NA	NA	NA	NA
Hu_ASV_867	NA	NA	NA	NA	NA	NA	NA
Hu_ASV_868	NA	NA	NA	NA	NA	NA	NA
Hu_ASV_869	NA	NA	NA	NA	NA	NA	NA
Hu_ASV_870	NA	NA	NA	NA	NA	NA	NA
Hu_ASV_871	NA	NA	NA	NA	NA	NA	NA
Hu_ASV_872	NA	NA	NA	NA	NA	NA	NA
Hu_ASV_873	NA	NA	NA	NA	NA	NA	NA
Hu_ASV_874	Fungi	Ascomycota	NA	NA	NA	NA	NA
Hu_ASV_875	NA	NA	NA	NA	NA	NA	NA
Hu_ASV_876	NA	NA	NA	NA	NA	NA	NA
Hu_ASV_877	NA	NA	NA	NA	NA	NA	NA
Hu_ASV_878	NA	NA	NA	NA	NA	NA	NA
Hu_ASV_879	NA	NA	NA	NA	NA	NA	NA
Hu_ASV_880	NA	NA	NA	NA	NA	NA	NA
Hu_ASV_881	NA	NA	NA	NA	NA	NA	NA
Hu_ASV_882	NA	NA	NA	NA	NA	NA	NA
Hu_ASV_883	NA	NA	NA	NA	NA	NA	NA
Hu_ASV_884	NA	NA	NA	NA	NA	NA	NA
Hu_ASV_885	NA	NA	NA	NA	NA	NA	NA
Hu_ASV_886	NA	NA	NA	NA	NA	NA	NA
Hu_ASV_887	NA	NA	NA	NA	NA	NA	NA
Hu_ASV_888	NA	NA	NA	NA	NA	NA	NA
Hu_ASV_889	NA	NA	NA	NA	NA	NA	NA
Hu_ASV_890	NA	NA	NA	NA	NA	NA	NA
Hu_ASV_891	NA	NA	NA	NA	NA	NA	NA
Hu_ASV_892	NA	NA	NA	NA	NA	NA	NA
Hu_ASV_893	Fungi	Basidiomycota	Tremellomycetes	Trichosporonales	Trichosporonaceae	Cutaneotrichosporon	NA
Hu_ASV_894	NA	NA	NA	NA	NA	NA	NA
Hu_ASV_895	NA	NA	NA	NA	NA	NA	NA
Hu_ASV_896	Fungi	NA	NA	NA	NA	NA	NA
Hu_ASV_897	NA	NA	NA	NA	NA	NA	NA
Hu_ASV_898	NA	NA	NA	NA	NA	NA	NA
Hu_ASV_899	NA	NA	NA	NA	NA	NA	NA
Hu_ASV_900	NA	NA	NA	NA	NA	NA	NA
Hu_ASV_901	Fungi	NA	NA	NA	NA	NA	NA
Hu_ASV_902	NA	NA	NA	NA	NA	NA	NA
Hu_ASV_903	NA	NA	NA	NA	NA	NA	NA
Hu_ASV_904	Fungi	NA	NA	NA	NA	NA	NA
Hu_ASV_905	NA	NA	NA	NA	NA	NA	NA
Hu_ASV_906	NA	NA	NA	NA	NA	NA	NA
Hu_ASV_907	NA	NA	NA	NA	NA	NA	NA
Hu_ASV_908	NA	NA	NA	NA	NA	NA	NA
Hu_ASV_909	NA	NA	NA	NA	NA	NA	NA
Hu_ASV_910	NA	NA	NA	NA	NA	NA	NA
Hu_ASV_911	NA	NA	NA	NA	NA	NA	NA
Hu_ASV_912	Fungi	Ascomycota	Saccharomycetes	Saccharomycetales	Metschnikowiaceae	Clavispora	lusitaniae
Hu_ASV_913	NA	NA	NA	NA	NA	NA	NA
Hu_ASV_914	NA	NA	NA	NA	NA	NA	NA
Hu_ASV_915	NA	NA	NA	NA	NA	NA	NA
Hu_ASV_916	NA	NA	NA	NA	NA	NA	NA
Hu_ASV_917	NA	NA	NA	NA	NA	NA	NA
Hu_ASV_918	Viridiplantae	NA	NA	NA	NA	NA	NA
Hu_ASV_919	NA	NA	NA	NA	NA	NA	NA
Hu_ASV_920	NA	NA	NA	NA	NA	NA	NA
Hu_ASV_921	NA	NA	NA	NA	NA	NA	NA
Hu_ASV_922	NA	NA	NA	NA	NA	NA	NA
Hu_ASV_923	NA	NA	NA	NA	NA	NA	NA
Hu_ASV_924	NA	NA	NA	NA	NA	NA	NA
Hu_ASV_925	NA	NA	NA	NA	NA	NA	NA
Hu_ASV_926	NA	NA	NA	NA	NA	NA	NA
Hu_ASV_927	NA	NA	NA	NA	NA	NA	NA
Hu_ASV_928	NA	NA	NA	NA	NA	NA	NA
Hu_ASV_929	NA	NA	NA	NA	NA	NA	NA
Hu_ASV_930	NA	NA	NA	NA	NA	NA	NA
Hu_ASV_931	NA	NA	NA	NA	NA	NA	NA
Hu_ASV_932	NA	NA	NA	NA	NA	NA	NA
Hu_ASV_933	NA	NA	NA	NA	NA	NA	NA
Hu_ASV_934	NA	NA	NA	NA	NA	NA	NA
Hu_ASV_935	NA	NA	NA	NA	NA	NA	NA
Hu_ASV_936	NA	NA	NA	NA	NA	NA	NA
Hu_ASV_937	NA	NA	NA	NA	NA	NA	NA
Hu_ASV_938	NA	NA	NA	NA	NA	NA	NA
Hu_ASV_939	NA	NA	NA	NA	NA	NA	NA
Hu_ASV_940	NA	NA	NA	NA	NA	NA	NA
Hu_ASV_941	NA	NA	NA	NA	NA	NA	NA
Hu_ASV_942	NA	NA	NA	NA	NA	NA	NA
Hu_ASV_943	NA	NA	NA	NA	NA	NA	NA
Hu_ASV_944	NA	NA	NA	NA	NA	NA	NA
Hu_ASV_945	NA	NA	NA	NA	NA	NA	NA
Hu_ASV_946	Viridiplantae	NA	NA	NA	NA	NA	NA
Hu_ASV_947	Fungi	Basidiomycota	Cystobasidiomycetes	Cystobasidiales	Cystobasidiaceae	Cystobasidium	slooffiae
Hu_ASV_948	NA	NA	NA	NA	NA	NA	NA
Hu_ASV_949	NA	NA	NA	NA	NA	NA	NA
Hu_ASV_950	NA	NA	NA	NA	NA	NA	NA
Hu_ASV_951	NA	NA	NA	NA	NA	NA	NA
Hu_ASV_952	NA	NA	NA	NA	NA	NA	NA
Hu_ASV_953	NA	NA	NA	NA	NA	NA	NA
Hu_ASV_954	Fungi	NA	NA	NA	NA	NA	NA
Hu_ASV_955	NA	NA	NA	NA	NA	NA	NA
Hu_ASV_956	NA	NA	NA	NA	NA	NA	NA
Hu_ASV_957	NA	NA	NA	NA	NA	NA	NA
Hu_ASV_958	Fungi	Basidiomycota	Microbotryomycetes	Sporidiobolales	Sporidiobolaceae	Rhodosporidiobolus	colostri
Hu_ASV_959	Fungi	NA	NA	NA	NA	NA	NA
Hu_ASV_960	NA	NA	NA	NA	NA	NA	NA
Hu_ASV_961	NA	NA	NA	NA	NA	NA	NA
Hu_ASV_962	NA	NA	NA	NA	NA	NA	NA
Hu_ASV_963	NA	NA	NA	NA	NA	NA	NA
Hu_ASV_964	NA	NA	NA	NA	NA	NA	NA
Hu_ASV_965	NA	NA	NA	NA	NA	NA	NA
Hu_ASV_966	NA	NA	NA	NA	NA	NA	NA
Hu_ASV_967	NA	NA	NA	NA	NA	NA	NA
Hu_ASV_968	NA	NA	NA	NA	NA	NA	NA
Hu_ASV_969	Fungi	NA	NA	NA	NA	NA	NA
Hu_ASV_970	NA	NA	NA	NA	NA	NA	NA
Hu_ASV_971	NA	NA	NA	NA	NA	NA	NA
Hu_ASV_972	NA	NA	NA	NA	NA	NA	NA
Hu_ASV_973	NA	NA	NA	NA	NA	NA	NA
Hu_ASV_974	NA	NA	NA	NA	NA	NA	NA
Hu_ASV_975	NA	NA	NA	NA	NA	NA	NA
Hu_ASV_976	NA	NA	NA	NA	NA	NA	NA
Hu_ASV_977	NA	NA	NA	NA	NA	NA	NA
Hu_ASV_978	NA	NA	NA	NA	NA	NA	NA
Hu_ASV_979	NA	NA	NA	NA	NA	NA	NA
Hu_ASV_980	NA	NA	NA	NA	NA	NA	NA
Hu_ASV_981	NA	NA	NA	NA	NA	NA	NA
Hu_ASV_982	NA	NA	NA	NA	NA	NA	NA
Hu_ASV_983	NA	NA	NA	NA	NA	NA	NA
Hu_ASV_984	NA	NA	NA	NA	NA	NA	NA
Hu_ASV_985	NA	NA	NA	NA	NA	NA	NA
Hu_ASV_986	NA	NA	NA	NA	NA	NA	NA
Hu_ASV_987	NA	NA	NA	NA	NA	NA	NA
Hu_ASV_988	Fungi	NA	NA	NA	NA	NA	NA
Hu_ASV_989	NA	NA	NA	NA	NA	NA	NA
Hu_ASV_990	Fungi	NA	NA	NA	NA	NA	NA
Hu_ASV_991	NA	NA	NA	NA	NA	NA	NA
Hu_ASV_992	NA	NA	NA	NA	NA	NA	NA
Hu_ASV_993	NA	NA	NA	NA	NA	NA	NA
Hu_ASV_994	NA	NA	NA	NA	NA	NA	NA
Hu_ASV_995	NA	NA	NA	NA	NA	NA	NA
Hu_ASV_996	NA	NA	NA	NA	NA	NA	NA
Hu_ASV_997	NA	NA	NA	NA	NA	NA	NA
Hu_ASV_998	NA	NA	NA	NA	NA	NA	NA
Hu_ASV_999	Fungi	Ascomycota	NA	NA	NA	NA	NA
Hu_ASV_1000	NA	NA	NA	NA	NA	NA	NA
Hu_ASV_1001	NA	NA	NA	NA	NA	NA	NA
Hu_ASV_1002	NA	NA	NA	NA	NA	NA	NA
Hu_ASV_1003	NA	NA	NA	NA	NA	NA	NA
Hu_ASV_1004	NA	NA	NA	NA	NA	NA	NA
Hu_ASV_1005	NA	NA	NA	NA	NA	NA	NA
Hu_ASV_1006	NA	NA	NA	NA	NA	NA	NA
Hu_ASV_1007	NA	NA	NA	NA	NA	NA	NA
Hu_ASV_1008	NA	NA	NA	NA	NA	NA	NA
Hu_ASV_1009	NA	NA	NA	NA	NA	NA	NA
Hu_ASV_1010	NA	NA	NA	NA	NA	NA	NA
Hu_ASV_1011	NA	NA	NA	NA	NA	NA	NA
Hu_ASV_1012	Fungi	Ascomycota	Eurotiomycetes	Chaetothyriales	Herpotrichiellaceae	Exophiala	cancerae
Hu_ASV_1013	NA	NA	NA	NA	NA	NA	NA
Hu_ASV_1014	NA	NA	NA	NA	NA	NA	NA
Hu_ASV_1015	NA	NA	NA	NA	NA	NA	NA
Hu_ASV_1016	Fungi	Ascomycota	Eurotiomycetes	Eurotiales	Aspergillaceae	Aspergillus	awamori
Hu_ASV_1017	NA	NA	NA	NA	NA	NA	NA
Hu_ASV_1018	Fungi	Ascomycota	Eurotiomycetes	Eurotiales	Trichocomaceae	Xerochrysium	Xerochrysium xerophilum
Hu_ASV_1019	Fungi	Ascomycota	Pezizomycetes	Pezizales	Pyronemataceae	Pyronema	domesticum
Hu_ASV_1020	Fungi	Basidiomycota	Malasseziomycetes	Malasseziales	NA	Malassezia	Malassezia vespertilionis
Hu_ASV_1021	Fungi	Ascomycota	Saccharomycetes	Saccharomycetales	Phaffomycetaceae	Wickerhamomyces	anomalus
Hu_ASV_1022	NA	NA	NA	NA	NA	NA	NA
Hu_ASV_1023	Viridiplantae	NA	NA	NA	NA	NA	NA
Hu_ASV_1024	NA	NA	NA	NA	NA	NA	NA
Hu_ASV_1025	NA	NA	NA	NA	NA	NA	NA
Hu_ASV_1026	NA	NA	NA	NA	NA	NA	NA
Hu_ASV_1027	NA	NA	NA	NA	NA	NA	NA
Hu_ASV_1028	NA	NA	NA	NA	NA	NA	NA
Hu_ASV_1029	Fungi	NA	NA	NA	NA	NA	NA
Hu_ASV_1030	NA	NA	NA	NA	NA	NA	NA
Hu_ASV_1031	Metazoa	NA	NA	NA	NA	NA	NA
Hu_ASV_1032	NA	NA	NA	NA	NA	NA	NA
Hu_ASV_1033	NA	NA	NA	NA	NA	NA	NA
Hu_ASV_1034	NA	NA	NA	NA	NA	NA	NA
Hu_ASV_1035	NA	NA	NA	NA	NA	NA	NA
Hu_ASV_1036	NA	NA	NA	NA	NA	NA	NA
Hu_ASV_1037	NA	NA	NA	NA	NA	NA	NA
Hu_ASV_1038	NA	NA	NA	NA	NA	NA	NA
Hu_ASV_1039	NA	NA	NA	NA	NA	NA	NA
Hu_ASV_1040	NA	NA	NA	NA	NA	NA	NA
Hu_ASV_1041	NA	NA	NA	NA	NA	NA	NA
Hu_ASV_1042	NA	NA	NA	NA	NA	NA	NA
Hu_ASV_1043	NA	NA	NA	NA	NA	NA	NA
Hu_ASV_1044	NA	NA	NA	NA	NA	NA	NA
Hu_ASV_1045	NA	NA	NA	NA	NA	NA	NA
Hu_ASV_1046	NA	NA	NA	NA	NA	NA	NA
Hu_ASV_1047	NA	NA	NA	NA	NA	NA	NA
Hu_ASV_1048	Metazoa	NA	NA	NA	NA	NA	NA
Hu_ASV_1049	NA	NA	NA	NA	NA	NA	NA
Hu_ASV_1050	NA	NA	NA	NA	NA	NA	NA
Hu_ASV_1051	NA	NA	NA	NA	NA	NA	NA
Hu_ASV_1052	NA	NA	NA	NA	NA	NA	NA
Hu_ASV_1053	NA	NA	NA	NA	NA	NA	NA
Hu_ASV_1054	NA	NA	NA	NA	NA	NA	NA
Hu_ASV_1055	NA	NA	NA	NA	NA	NA	NA
Hu_ASV_1056	NA	NA	NA	NA	NA	NA	NA
Hu_ASV_1057	NA	NA	NA	NA	NA	NA	NA
Hu_ASV_1058	NA	NA	NA	NA	NA	NA	NA
Hu_ASV_1059	NA	NA	NA	NA	NA	NA	NA
Hu_ASV_1060	NA	NA	NA	NA	NA	NA	NA
Hu_ASV_1061	NA	NA	NA	NA	NA	NA	NA
Hu_ASV_1062	NA	NA	NA	NA	NA	NA	NA
Hu_ASV_1063	NA	NA	NA	NA	NA	NA	NA
Hu_ASV_1064	NA	NA	NA	NA	NA	NA	NA
Hu_ASV_1065	NA	NA	NA	NA	NA	NA	NA
Hu_ASV_1066	NA	NA	NA	NA	NA	NA	NA
Hu_ASV_1067	NA	NA	NA	NA	NA	NA	NA
Hu_ASV_1068	Fungi	NA	NA	NA	NA	NA	NA
Hu_ASV_1069	NA	NA	NA	NA	NA	NA	NA
Hu_ASV_1070	Fungi	NA	NA	NA	NA	NA	NA
Hu_ASV_1071	NA	NA	NA	NA	NA	NA	NA
Hu_ASV_1072	NA	NA	NA	NA	NA	NA	NA
Hu_ASV_1073	NA	NA	NA	NA	NA	NA	NA
Hu_ASV_1074	NA	NA	NA	NA	NA	NA	NA
Hu_ASV_1075	Fungi	NA	NA	NA	NA	NA	NA
Hu_ASV_1076	NA	NA	NA	NA	NA	NA	NA
Hu_ASV_1077	Fungi	NA	NA	NA	NA	NA	NA
Hu_ASV_1078	NA	NA	NA	NA	NA	NA	NA
Hu_ASV_1079	NA	NA	NA	NA	NA	NA	NA
Hu_ASV_1080	NA	NA	NA	NA	NA	NA	NA
Hu_ASV_1081	NA	NA	NA	NA	NA	NA	NA
Hu_ASV_1082	NA	NA	NA	NA	NA	NA	NA
Hu_ASV_1083	NA	NA	NA	NA	NA	NA	NA
Hu_ASV_1084	Fungi	NA	NA	NA	NA	NA	NA
Hu_ASV_1085	Viridiplantae	NA	NA	NA	NA	NA	NA
Hu_ASV_1086	NA	NA	NA	NA	NA	NA	NA
Hu_ASV_1087	NA	NA	NA	NA	NA	NA	NA
Hu_ASV_1088	NA	NA	NA	NA	NA	NA	NA
Hu_ASV_1089	NA	NA	NA	NA	NA	NA	NA
Hu_ASV_1090	Fungi	Ascomycota	Xylonomycetes	Symbiotaphrinales	Symbiotaphrinaceae	Symbiotaphrina	buchneri
Hu_ASV_1091	NA	NA	NA	NA	NA	NA	NA
Hu_ASV_1092	NA	NA	NA	NA	NA	NA	NA
Hu_ASV_1093	NA	NA	NA	NA	NA	NA	NA
Hu_ASV_1094	NA	NA	NA	NA	NA	NA	NA
Hu_ASV_1095	NA	NA	NA	NA	NA	NA	NA
Hu_ASV_1096	NA	NA	NA	NA	NA	NA	NA
Hu_ASV_1097	NA	NA	NA	NA	NA	NA	NA
Hu_ASV_1098	NA	NA	NA	NA	NA	NA	NA
Hu_ASV_1099	NA	NA	NA	NA	NA	NA	NA
Hu_ASV_1100	NA	NA	NA	NA	NA	NA	NA
Hu_ASV_1101	Fungi	NA	NA	NA	NA	NA	NA
Hu_ASV_1102	NA	NA	NA	NA	NA	NA	NA
Hu_ASV_1103	NA	NA	NA	NA	NA	NA	NA
Hu_ASV_1104	NA	NA	NA	NA	NA	NA	NA
Hu_ASV_1105	NA	NA	NA	NA	NA	NA	NA
Hu_ASV_1106	NA	NA	NA	NA	NA	NA	NA
Hu_ASV_1107	NA	NA	NA	NA	NA	NA	NA
Hu_ASV_1108	NA	NA	NA	NA	NA	NA	NA
Hu_ASV_1109	NA	NA	NA	NA	NA	NA	NA
Hu_ASV_1110	NA	NA	NA	NA	NA	NA	NA
Hu_ASV_1111	NA	NA	NA	NA	NA	NA	NA
Hu_ASV_1112	NA	NA	NA	NA	NA	NA	NA
Hu_ASV_1113	NA	NA	NA	NA	NA	NA	NA
Hu_ASV_1114	Fungi	NA	NA	NA	NA	NA	NA
Hu_ASV_1115	NA	NA	NA	NA	NA	NA	NA
Hu_ASV_1116	NA	NA	NA	NA	NA	NA	NA
Hu_ASV_1117	Fungi	Ascomycota	NA	NA	NA	NA	NA
Hu_ASV_1118	NA	NA	NA	NA	NA	NA	NA
Hu_ASV_1119	NA	NA	NA	NA	NA	NA	NA
Hu_ASV_1120	NA	NA	NA	NA	NA	NA	NA
Hu_ASV_1121	Fungi	Ascomycota	NA	NA	NA	NA	NA
Hu_ASV_1122	NA	NA	NA	NA	NA	NA	NA
Hu_ASV_1123	NA	NA	NA	NA	NA	NA	NA
Hu_ASV_1124	NA	NA	NA	NA	NA	NA	NA
Hu_ASV_1125	NA	NA	NA	NA	NA	NA	NA
Hu_ASV_1126	NA	NA	NA	NA	NA	NA	NA
Hu_ASV_1127	NA	NA	NA	NA	NA	NA	NA
Hu_ASV_1128	NA	NA	NA	NA	NA	NA	NA
Hu_ASV_1129	NA	NA	NA	NA	NA	NA	NA
Hu_ASV_1130	NA	NA	NA	NA	NA	NA	NA
Hu_ASV_1131	Fungi	Ascomycota	NA	NA	NA	NA	NA
Hu_ASV_1132	NA	NA	NA	NA	NA	NA	NA
Hu_ASV_1133	Fungi	Ascomycota	NA	NA	NA	NA	NA
Hu_ASV_1134	NA	NA	NA	NA	NA	NA	NA
Hu_ASV_1135	NA	NA	NA	NA	NA	NA	NA
Hu_ASV_1136	NA	NA	NA	NA	NA	NA	NA
Hu_ASV_1137	NA	NA	NA	NA	NA	NA	NA
Hu_ASV_1138	NA	NA	NA	NA	NA	NA	NA
Hu_ASV_1139	NA	NA	NA	NA	NA	NA	NA
Hu_ASV_1140	NA	NA	NA	NA	NA	NA	NA
Hu_ASV_1141	NA	NA	NA	NA	NA	NA	NA
Hu_ASV_1142	Metazoa	NA	NA	NA	NA	NA	NA
Hu_ASV_1143	NA	NA	NA	NA	NA	NA	NA
Hu_ASV_1144	NA	NA	NA	NA	NA	NA	NA
Hu_ASV_1145	NA	NA	NA	NA	NA	NA	NA
Hu_ASV_1146	Fungi	Ascomycota	NA	NA	NA	NA	NA
Hu_ASV_1147	NA	NA	NA	NA	NA	NA	NA
Hu_ASV_1148	NA	NA	NA	NA	NA	NA	NA
Hu_ASV_1149	Metazoa	NA	NA	NA	NA	NA	NA
Hu_ASV_1150	NA	NA	NA	NA	NA	NA	NA
Hu_ASV_1151	NA	NA	NA	NA	NA	NA	NA
Hu_ASV_1152	NA	NA	NA	NA	NA	NA	NA
Hu_ASV_1153	NA	NA	NA	NA	NA	NA	NA
Hu_ASV_1154	NA	NA	NA	NA	NA	NA	NA
Hu_ASV_1155	NA	NA	NA	NA	NA	NA	NA
Hu_ASV_1156	NA	NA	NA	NA	NA	NA	NA
Hu_ASV_1157	NA	NA	NA	NA	NA	NA	NA
Hu_ASV_1158	NA	NA	NA	NA	NA	NA	NA
Hu_ASV_1159	NA	NA	NA	NA	NA	NA	NA
Hu_ASV_1160	NA	NA	NA	NA	NA	NA	NA
Hu_ASV_1161	NA	NA	NA	NA	NA	NA	NA
Hu_ASV_1162	NA	NA	NA	NA	NA	NA	NA
Hu_ASV_1163	NA	NA	NA	NA	NA	NA	NA
Hu_ASV_1164	NA	NA	NA	NA	NA	NA	NA
Hu_ASV_1165	NA	NA	NA	NA	NA	NA	NA
Hu_ASV_1166	NA	NA	NA	NA	NA	NA	NA
Hu_ASV_1167	NA	NA	NA	NA	NA	NA	NA
Hu_ASV_1168	NA	NA	NA	NA	NA	NA	NA
Hu_ASV_1169	Fungi	NA	NA	NA	NA	NA	NA
Hu_ASV_1170	NA	NA	NA	NA	NA	NA	NA
Hu_ASV_1171	NA	NA	NA	NA	NA	NA	NA
Hu_ASV_1172	NA	NA	NA	NA	NA	NA	NA
Hu_ASV_1173	NA	NA	NA	NA	NA	NA	NA
Hu_ASV_1174	NA	NA	NA	NA	NA	NA	NA
Hu_ASV_1175	NA	NA	NA	NA	NA	NA	NA
Hu_ASV_1176	NA	NA	NA	NA	NA	NA	NA
Hu_ASV_1177	NA	NA	NA	NA	NA	NA	NA
Hu_ASV_1178	NA	NA	NA	NA	NA	NA	NA
Hu_ASV_1179	NA	NA	NA	NA	NA	NA	NA
Hu_ASV_1180	NA	NA	NA	NA	NA	NA	NA
Hu_ASV_1181	NA	NA	NA	NA	NA	NA	NA
Hu_ASV_1182	NA	NA	NA	NA	NA	NA	NA
Hu_ASV_1183	NA	NA	NA	NA	NA	NA	NA
Hu_ASV_1184	NA	NA	NA	NA	NA	NA	NA
Hu_ASV_1185	NA	NA	NA	NA	NA	NA	NA
Hu_ASV_1186	NA	NA	NA	NA	NA	NA	NA
Hu_ASV_1187	NA	NA	NA	NA	NA	NA	NA
Hu_ASV_1188	NA	NA	NA	NA	NA	NA	NA
Hu_ASV_1189	Metazoa	NA	NA	NA	NA	NA	NA
Hu_ASV_1190	NA	NA	NA	NA	NA	NA	NA
Hu_ASV_1191	Fungi	NA	NA	NA	NA	NA	NA
Hu_ASV_1192	NA	NA	NA	NA	NA	NA	NA
Hu_ASV_1193	NA	NA	NA	NA	NA	NA	NA
Hu_ASV_1194	NA	NA	NA	NA	NA	NA	NA
Hu_ASV_1195	NA	NA	NA	NA	NA	NA	NA
Hu_ASV_1196	NA	NA	NA	NA	NA	NA	NA
Hu_ASV_1197	NA	NA	NA	NA	NA	NA	NA
Hu_ASV_1198	NA	NA	NA	NA	NA	NA	NA
Hu_ASV_1199	NA	NA	NA	NA	NA	NA	NA
Hu_ASV_1200	NA	NA	NA	NA	NA	NA	NA
Hu_ASV_1201	NA	NA	NA	NA	NA	NA	NA
Hu_ASV_1202	NA	NA	NA	NA	NA	NA	NA
Hu_ASV_1203	NA	NA	NA	NA	NA	NA	NA
Hu_ASV_1204	NA	NA	NA	NA	NA	NA	NA
Hu_ASV_1205	Fungi	NA	NA	NA	NA	NA	NA
Hu_ASV_1206	NA	NA	NA	NA	NA	NA	NA
Hu_ASV_1207	Viridiplantae	NA	NA	NA	NA	NA	NA
Hu_ASV_1208	NA	NA	NA	NA	NA	NA	NA
Hu_ASV_1209	NA	NA	NA	NA	NA	NA	NA
Hu_ASV_1210	NA	NA	NA	NA	NA	NA	NA
Hu_ASV_1211	NA	NA	NA	NA	NA	NA	NA
Hu_ASV_1212	Fungi	NA	NA	NA	NA	NA	NA
Hu_ASV_1213	NA	NA	NA	NA	NA	NA	NA
Hu_ASV_1214	NA	NA	NA	NA	NA	NA	NA
Hu_ASV_1215	NA	NA	NA	NA	NA	NA	NA
Hu_ASV_1216	NA	NA	NA	NA	NA	NA	NA
Hu_ASV_1217	NA	NA	NA	NA	NA	NA	NA
Hu_ASV_1218	NA	NA	NA	NA	NA	NA	NA
Hu_ASV_1219	NA	NA	NA	NA	NA	NA	NA
Hu_ASV_1220	NA	NA	NA	NA	NA	NA	NA
Hu_ASV_1221	NA	NA	NA	NA	NA	NA	NA
Hu_ASV_1222	NA	NA	NA	NA	NA	NA	NA
Hu_ASV_1223	NA	NA	NA	NA	NA	NA	NA
Hu_ASV_1224	NA	NA	NA	NA	NA	NA	NA
Hu_ASV_1225	NA	NA	NA	NA	NA	NA	NA
Hu_ASV_1226	NA	NA	NA	NA	NA	NA	NA
Hu_ASV_1227	NA	NA	NA	NA	NA	NA	NA
Hu_ASV_1228	NA	NA	NA	NA	NA	NA	NA
Hu_ASV_1229	NA	NA	NA	NA	NA	NA	NA
Hu_ASV_1230	NA	NA	NA	NA	NA	NA	NA
Hu_ASV_1231	NA	NA	NA	NA	NA	NA	NA
Hu_ASV_1232	NA	NA	NA	NA	NA	NA	NA
Hu_ASV_1233	NA	NA	NA	NA	NA	NA	NA
Hu_ASV_1234	NA	NA	NA	NA	NA	NA	NA
Hu_ASV_1235	NA	NA	NA	NA	NA	NA	NA
Hu_ASV_1236	NA	NA	NA	NA	NA	NA	NA
Hu_ASV_1237	Fungi	NA	NA	NA	NA	NA	NA
Hu_ASV_1238	NA	NA	NA	NA	NA	NA	NA
Hu_ASV_1239	NA	NA	NA	NA	NA	NA	NA
Hu_ASV_1240	NA	NA	NA	NA	NA	NA	NA
Hu_ASV_1241	NA	NA	NA	NA	NA	NA	NA
Hu_ASV_1242	NA	NA	NA	NA	NA	NA	NA
Hu_ASV_1243	NA	NA	NA	NA	NA	NA	NA
Hu_ASV_1244	NA	NA	NA	NA	NA	NA	NA
Hu_ASV_1245	NA	NA	NA	NA	NA	NA	NA
Hu_ASV_1246	NA	NA	NA	NA	NA	NA	NA
Hu_ASV_1247	NA	NA	NA	NA	NA	NA	NA
Hu_ASV_1248	NA	NA	NA	NA	NA	NA	NA
Hu_ASV_1249	NA	NA	NA	NA	NA	NA	NA
Hu_ASV_1250	Fungi	NA	NA	NA	NA	NA	NA
Hu_ASV_1251	NA	NA	NA	NA	NA	NA	NA
Hu_ASV_1252	NA	NA	NA	NA	NA	NA	NA
Hu_ASV_1253	NA	NA	NA	NA	NA	NA	NA
Hu_ASV_1254	NA	NA	NA	NA	NA	NA	NA
Hu_ASV_1255	NA	NA	NA	NA	NA	NA	NA
Hu_ASV_1256	NA	NA	NA	NA	NA	NA	NA
Hu_ASV_1257	NA	NA	NA	NA	NA	NA	NA
Hu_ASV_1258	NA	NA	NA	NA	NA	NA	NA
Hu_ASV_1259	NA	NA	NA	NA	NA	NA	NA
Hu_ASV_1260	NA	NA	NA	NA	NA	NA	NA
Hu_ASV_1261	NA	NA	NA	NA	NA	NA	NA
Hu_ASV_1262	NA	NA	NA	NA	NA	NA	NA
Hu_ASV_1263	Fungi	Ascomycota	NA	NA	NA	NA	NA
Hu_ASV_1264	NA	NA	NA	NA	NA	NA	NA
Hu_ASV_1265	NA	NA	NA	NA	NA	NA	NA
Hu_ASV_1266	NA	NA	NA	NA	NA	NA	NA
Hu_ASV_1267	Fungi	NA	NA	NA	NA	NA	NA
Hu_ASV_1268	NA	NA	NA	NA	NA	NA	NA
Hu_ASV_1269	NA	NA	NA	NA	NA	NA	NA
Hu_ASV_1270	NA	NA	NA	NA	NA	NA	NA
Hu_ASV_1271	NA	NA	NA	NA	NA	NA	NA
Hu_ASV_1272	NA	NA	NA	NA	NA	NA	NA
Hu_ASV_1273	NA	NA	NA	NA	NA	NA	NA
Hu_ASV_1274	Fungi	NA	NA	NA	NA	NA	NA
Hu_ASV_1275	NA	NA	NA	NA	NA	NA	NA
Hu_ASV_1276	Fungi	Ascomycota	NA	NA	NA	NA	NA
Hu_ASV_1277	NA	NA	NA	NA	NA	NA	NA
Hu_ASV_1278	Fungi	Ascomycota	NA	NA	NA	NA	NA
Hu_ASV_1279	NA	NA	NA	NA	NA	NA	NA
Hu_ASV_1280	NA	NA	NA	NA	NA	NA	NA
Hu_ASV_1281	NA	NA	NA	NA	NA	NA	NA
Hu_ASV_1282	NA	NA	NA	NA	NA	NA	NA
Hu_ASV_1283	NA	NA	NA	NA	NA	NA	NA
Hu_ASV_1284	Fungi	Ascomycota	NA	NA	NA	NA	NA
Hu_ASV_1285	NA	NA	NA	NA	NA	NA	NA
Hu_ASV_1286	NA	NA	NA	NA	NA	NA	NA
Hu_ASV_1287	NA	NA	NA	NA	NA	NA	NA
Hu_ASV_1288	NA	NA	NA	NA	NA	NA	NA
Hu_ASV_1289	NA	NA	NA	NA	NA	NA	NA
Hu_ASV_1290	NA	NA	NA	NA	NA	NA	NA
Hu_ASV_1291	NA	NA	NA	NA	NA	NA	NA
Hu_ASV_1292	NA	NA	NA	NA	NA	NA	NA
Hu_ASV_1293	NA	NA	NA	NA	NA	NA	NA
Hu_ASV_1294	NA	NA	NA	NA	NA	NA	NA
Hu_ASV_1295	NA	NA	NA	NA	NA	NA	NA
Hu_ASV_1296	NA	NA	NA	NA	NA	NA	NA
Hu_ASV_1297	NA	NA	NA	NA	NA	NA	NA
Hu_ASV_1298	NA	NA	NA	NA	NA	NA	NA
Hu_ASV_1299	NA	NA	NA	NA	NA	NA	NA
Hu_ASV_1300	NA	NA	NA	NA	NA	NA	NA
Hu_ASV_1301	Metazoa	NA	NA	NA	NA	NA	NA
Hu_ASV_1302	NA	NA	NA	NA	NA	NA	NA
Hu_ASV_1303	NA	NA	NA	NA	NA	NA	NA
Hu_ASV_1304	NA	NA	NA	NA	NA	NA	NA
Hu_ASV_1305	NA	NA	NA	NA	NA	NA	NA
Hu_ASV_1306	NA	NA	NA	NA	NA	NA	NA
Hu_ASV_1307	NA	NA	NA	NA	NA	NA	NA
Hu_ASV_1308	NA	NA	NA	NA	NA	NA	NA
Hu_ASV_1309	Fungi	Ascomycota	NA	NA	NA	NA	NA
Hu_ASV_1310	NA	NA	NA	NA	NA	NA	NA
Hu_ASV_1311	NA	NA	NA	NA	NA	NA	NA
Hu_ASV_1312	NA	NA	NA	NA	NA	NA	NA
Hu_ASV_1313	NA	NA	NA	NA	NA	NA	NA
Hu_ASV_1314	NA	NA	NA	NA	NA	NA	NA
Hu_ASV_1315	NA	NA	NA	NA	NA	NA	NA
Hu_ASV_1316	Fungi	Ascomycota	NA	NA	NA	NA	NA
Hu_ASV_1317	NA	NA	NA	NA	NA	NA	NA
Hu_ASV_1318	NA	NA	NA	NA	NA	NA	NA
Hu_ASV_1319	NA	NA	NA	NA	NA	NA	NA
Hu_ASV_1320	NA	NA	NA	NA	NA	NA	NA
Hu_ASV_1321	NA	NA	NA	NA	NA	NA	NA
Hu_ASV_1322	NA	NA	NA	NA	NA	NA	NA
Hu_ASV_1323	NA	NA	NA	NA	NA	NA	NA
Hu_ASV_1324	NA	NA	NA	NA	NA	NA	NA
Hu_ASV_1325	NA	NA	NA	NA	NA	NA	NA
Hu_ASV_1326	NA	NA	NA	NA	NA	NA	NA
Hu_ASV_1327	NA	NA	NA	NA	NA	NA	NA
Hu_ASV_1328	NA	NA	NA	NA	NA	NA	NA
Hu_ASV_1329	NA	NA	NA	NA	NA	NA	NA
Hu_ASV_1330	Viridiplantae	NA	NA	NA	NA	NA	NA
Hu_ASV_1331	NA	NA	NA	NA	NA	NA	NA
Hu_ASV_1332	NA	NA	NA	NA	NA	NA	NA
Hu_ASV_1333	NA	NA	NA	NA	NA	NA	NA
Hu_ASV_1334	NA	NA	NA	NA	NA	NA	NA
Hu_ASV_1335	NA	NA	NA	NA	NA	NA	NA
Hu_ASV_1336	NA	NA	NA	NA	NA	NA	NA
Hu_ASV_1337	Viridiplantae	NA	NA	NA	NA	NA	NA
Hu_ASV_1338	Fungi	Ascomycota	NA	NA	NA	NA	NA
Hu_ASV_1339	NA	NA	NA	NA	NA	NA	NA