OTU ID   	domain	phylum	class	order	family	genus	species
39bbb7de175feae763b503f722d01dcbd6ae67c2	Fungi	Ascomycota	Dothideomycetes	Capnodiales	Cladosporiaceae	Cladosporium	Cladosporium_delicatulum
c90575e411790d8b1ecda088b76a80a79735ebae	Fungi	Ascomycota	Dothideomycetes	Capnodiales	Cladosporiaceae	Cladosporium	Cladosporium_delicatulum
SH631143.07FU_KX514703_reps_singleton	Fungi	Ascomycota	Dothideomycetes	Capnodiales	Cladosporiaceae	Cladosporium	Cladosporium_delicatulum
SH001577.07FU_JF770450_refs	Fungi	Ascomycota	Dothideomycetes	Capnodiales	Cladosporiaceae	Cladosporium	Cladosporium_grevilleae
SH018813.07FU_JX069874_refs	Fungi	Ascomycota	Dothideomycetes	Capnodiales	Cladosporiaceae	Toxicocladosporium	Toxicocladosporium_strelitziae
SH010853.07FU_EU707897_refs	Fungi	Ascomycota	Dothideomycetes	Capnodiales	Dissoconiaceae	Dissoconium	Dissoconium_proteae
b6803d6621aea7329a6ed56fb0066008359032b8	Fungi	Ascomycota	Dothideomycetes	Capnodiales	Mycosphaerellaceae	Cercospora	Cercospora_sesami
1a4ff31ac9358f53021d518d7ca7d2754e8b3797	Fungi	Ascomycota	Dothideomycetes	Capnodiales	Mycosphaerellaceae	Mycosphaerella	Mycosphaerella_tassiana
338693b6bf3105ce034abb50c1b63a4a98856c31	Fungi	Ascomycota	Dothideomycetes	Capnodiales	Mycosphaerellaceae	Mycosphaerella	Mycosphaerella_tassiana
4a0402762b9e85b55f9f8447440ed07057992dbe	Fungi	Ascomycota	Dothideomycetes	Capnodiales	Mycosphaerellaceae	Mycosphaerella	Mycosphaerella_tassiana
7238ec7366ff4fd60f48a495695471d345a411bf	Fungi	Ascomycota	Dothideomycetes	Capnodiales	Mycosphaerellaceae	Mycosphaerella	Mycosphaerella_tassiana
9912899a6b0ba1b90ced8f8002835f15d4de4e03	Fungi	Ascomycota	Dothideomycetes	Capnodiales	Mycosphaerellaceae	Mycosphaerella	Mycosphaerella_tassiana
9bf66f52a0c6a00c11b077ae57c20b54347b4f4f	Fungi	Ascomycota	Dothideomycetes	Capnodiales	Mycosphaerellaceae	Mycosphaerella	Mycosphaerella_tassiana
dd5dcce17b4a5289570a932f7ac2eac72688d059	Fungi	Ascomycota	Dothideomycetes	Capnodiales	Mycosphaerellaceae	Mycosphaerella	Mycosphaerella_tassiana
df4d7fa35f3cff0e100b440b32844fd9473ca878	Fungi	Ascomycota	Dothideomycetes	Capnodiales	Mycosphaerellaceae	Mycosphaerella	Mycosphaerella_tassiana
ede7802627b918cdbf7c1fcfc09788daa6776cb7	Fungi	Ascomycota	Dothideomycetes	Capnodiales	Mycosphaerellaceae	Mycosphaerella	Mycosphaerella_tassiana
SH022055.07FU_KC867794_reps	Fungi	Ascomycota	Dothideomycetes	Capnodiales	Mycosphaerellaceae	Ramularia	Ramularia_pratensis
fdd7bf97eb40e36c08d64c4820b7e3f3a21b895e	Fungi	Ascomycota	Dothideomycetes	Capnodiales	Mycosphaerellaceae	unidentified	unidentified
SH014217.07FU_JF700867_refs	Fungi	Ascomycota	Dothideomycetes	Capnodiales	Mycosphaerellaceae	Zymoseptoria	Zymoseptoria_brevis
SH022091.07FU_JQ765675_reps_singleton	Fungi	Ascomycota	Dothideomycetes	Capnodiales	Mycosphaerellaceae	NA	NA
SH014190.07FU_HQ829153_reps	Fungi	Ascomycota	Dothideomycetes	Dothideales	unidentified	unidentified	unidentified
SH028499.07FU_KT389511_refs	Fungi	Ascomycota	Dothideomycetes	Pleosporales	Didymellaceae	Neoascochyta	NA
SH028502.07FU_KT389515_refs	Fungi	Ascomycota	Dothideomycetes	Pleosporales	Didymellaceae	NA	NA
SH028503.07FU_JX875945_reps	Fungi	Ascomycota	Dothideomycetes	Pleosporales	Didymellaceae	NA	NA
73d3fb61c9f6916e381dd18ee104aa9e7820f0e9	Fungi	Ascomycota	Dothideomycetes	Pleosporales	Didymosphaeriaceae	Paraphaeosphaeria	unidentified
SH011810.07FU_M96663_reps	Fungi	Ascomycota	Dothideomycetes	Pleosporales	Leptosphaeriaceae	Leptosphaeria	Leptosphaeria_maculans
SH005812.07FU_JX401933_reps	Fungi	Ascomycota	Dothideomycetes	Pleosporales	Phaeosphaeriaceae	Chaetosphaeronema	unidentified
SH023255.07FU_DQ068352_reps	Fungi	Ascomycota	Dothideomycetes	Pleosporales	Phaeosphaeriaceae	Phaeosphaeria	Phaeosphaeria_silenes-acaulis
SH016219.07FU_EU490095_reps_singleton	Fungi	Ascomycota	Dothideomycetes	Pleosporales	Pleomassariaceae	Prosthemium	unidentified
SH028249.07FU_KC146356_refs	Fungi	Ascomycota	Dothideomycetes	Pleosporales	Pleosporaceae	Alternaria	Alternaria_eichhorniae
97cae96c52061ef77781af5822be9d6d65ad5ee7	Fungi	Ascomycota	Dothideomycetes	Pleosporales	Pleosporaceae	Alternaria	Alternaria_longissima
6050598c0e91e836b4e1d873ade63a318094f031	Fungi	Ascomycota	Dothideomycetes	Pleosporales	Pleosporaceae	Alternaria	Alternaria_tenuissima
bef7213ce4ad9b30821ccb9948066eed45e56578	Fungi	Ascomycota	Dothideomycetes	Pleosporales	Pleosporaceae	Alternaria	unidentified
cf38cd97662e4e4b58f6852871659649acbbe5e4	Fungi	Ascomycota	Dothideomycetes	Pleosporales	Pleosporaceae	Alternaria	unidentified
SH029223.07FU_KC867282_reps_singleton	Fungi	Ascomycota	Dothideomycetes	Pleosporales	Pleosporaceae	Alternaria	unidentified
0b89e24aa8fee2252662a5188493ebde5620ca1c	Fungi	Ascomycota	Dothideomycetes	Pleosporales	Pleosporaceae	Bipolaris	Bipolaris_maydis
SH018894.07FU_AF071325_refs	Fungi	Ascomycota	Dothideomycetes	Pleosporales	Pleosporaceae	Bipolaris	NA
SH028153.07FU_JX089579_refs	Fungi	Ascomycota	Dothideomycetes	Pleosporales	Pleosporaceae	Bipolaris	NA
SH025280.07FU_JN207307_reps_singleton	Fungi	Ascomycota	Dothideomycetes	Pleosporales	Pleosporaceae	Exserohilum	NA
655e7dd21858e11f32cda7ed7a3d07698a275788	Fungi	Ascomycota	Dothideomycetes	Pleosporales	Pleosporaceae	Pyrenophora	Pyrenophora_teres
SH012499.07FU_EF452492_reps	Fungi	Ascomycota	Dothideomycetes	Pleosporales	Pleosporaceae	Pyrenophora	Pyrenophora_teres
SH012501.07FU_KF156010_refs	Fungi	Ascomycota	Dothideomycetes	Pleosporales	Pleosporaceae	NA	NA
SH490992.07FU_KR012908_reps_singleton	Fungi	Ascomycota	Dothideomycetes	Pleosporales	Pleosporaceae	NA	NA
SH006620.07FU_JN418768_reps	Fungi	Ascomycota	Dothideomycetes	Pleosporales	Sporormiaceae	Preussia	Preussia_africana
SH026356.07FU_KF443406_refs	Fungi	Ascomycota	Dothideomycetes	Pleosporales	Torulaceae	Torula	Torula_hollandica
SH018130.07FU_KP170624_reps	Fungi	Ascomycota	Dothideomycetes	Pleosporales	unidentified	Acrocalymma	Acrocalymma pterocarpi
SH011783.07FU_JQ585678_reps	Fungi	Ascomycota	Dothideomycetes	Pleosporales	unidentified	Monodictys	Monodictys arctica
SH011822.07FU_JX135623_reps	Fungi	Ascomycota	Dothideomycetes	Pleosporales	unidentified	Monodictys	Monodictys arctica
SH020637.07FU_EF505590_reps	Fungi	Ascomycota	Dothideomycetes	Pleosporales	unidentified	Neocamarosporium	Neocamarosporium salsolae
SH005797.07FU_AJ608969_reps	Fungi	Ascomycota	Dothideomycetes	Pleosporales	unidentified	Neocamarosporium	Neosetophoma poaceicola
SH005793.07FU_JQ758161_reps	Fungi	Ascomycota	Dothideomycetes	Pleosporales	unidentified	Parastagonospora	Parastagonospora forlicesenica
SH016878.07FU_EU520640_reps	Fungi	Ascomycota	Dothideomycetes	Pleosporales	unidentified	Pseudoconiothyrium	Pseudoconiothyrium broussonetiae
SH016879.07FU_HQ631052_reps	Fungi	Ascomycota	Dothideomycetes	Pleosporales	unidentified	Pseudoconiothyrium	Pseudoconiothyrium broussonetiae
SH026357.07FU_KX515758_reps	Fungi	Ascomycota	Dothideomycetes	Pleosporales	unidentified	Torula	Torula masonii
143e72ce7e70de85d5a6fb565f05d6bbb34eb2ba	Fungi	Ascomycota	Dothideomycetes	Pleosporales	NA	NA	NA
83867d5f82d1c2206b4a91d5f795da7ef365c6b3	Fungi	Ascomycota	Dothideomycetes	Pleosporales	NA	NA	NA
93ed6ab75d2ca1bd0cf27c52a59dded63388742e	Fungi	Ascomycota	Dothideomycetes	Pleosporales	NA	NA	NA
9d909cd91fe02add148bbcaef40a78863268f046	Fungi	Ascomycota	Dothideomycetes	Pleosporales	NA	NA	NA
SH000093.07FU_GU721359_refs	Fungi	Ascomycota	Dothideomycetes	Pleosporales	NA	NA	NA
SH005753.07FU_KJ869114_reps	Fungi	Ascomycota	Dothideomycetes	Pleosporales	NA	NA	NA
SH005757.07FU_GQ851842_reps	Fungi	Ascomycota	Dothideomycetes	Pleosporales	NA	NA	NA
SH005761.07FU_GU230751_reps_singleton	Fungi	Ascomycota	Dothideomycetes	Pleosporales	NA	NA	NA
SH008752.07FU_EU479964_reps	Fungi	Ascomycota	Dothideomycetes	Pleosporales	NA	NA	NA
SH021830.07FU_EU479803_reps	Fungi	Ascomycota	Dothideomycetes	Pleosporales	NA	NA	NA
SH021831.07FU_GU721297_reps	Fungi	Ascomycota	Dothideomycetes	Pleosporales	NA	NA	NA
SH490836.07FU_JX322104_reps_singleton	Fungi	Ascomycota	Dothideomycetes	Pleosporales	NA	NA	NA
SH000315.07FU_EU338425_reps	Fungi	Ascomycota	Dothideomycetes	unidentified	unidentified	Ascochyta	Ascochyta phacae
87677b5f4e077b9556ce93dec2f087992b489d10	Fungi	Ascomycota	Dothideomycetes	unidentified	unidentified	Neosetophoma	Neosetophoma phragmitis
SH005796.07FU_FJ025351_reps	Fungi	Ascomycota	Dothideomycetes	unidentified	unidentified	Neosetophoma	Neosetophoma phragmitis
d979a326b927dff8f3f3de5e91689663f49542a0	Fungi	Ascomycota	Dothideomycetes	unidentified	unidentified	Neosetophoma	Neosetophoma rosigena
SH005754.07FU_KF800340_reps	Fungi	Ascomycota	Dothideomycetes	unidentified	unidentified	Phaeosphaeria	Phaeosphaeria ampeli
SH458169.07FU_JQ863225_reps_singleton	Fungi	Ascomycota	Dothideomycetes	Venturiales	Sympoventuriaceae	Scolecobasidium	unidentified
SH018801.07FU_JF747041_refs	Fungi	Ascomycota	Eurotiomycetes	Chaetothyriales	Herpotrichiellaceae	Exophiala	Exophiala_alcalophila
SH015487.07FU_HQ659023_refs	Fungi	Ascomycota	Eurotiomycetes	Chaetothyriales	Herpotrichiellaceae	Exophiala	Exophiala_cancerae
SH007385.07FU_AF050269_refs	Fungi	Ascomycota	Eurotiomycetes	Chaetothyriales	Herpotrichiellaceae	Exophiala	Exophiala_dermatitidis
SH002966.07FU_KX515588_reps	Fungi	Ascomycota	Eurotiomycetes	Chaetothyriales	Herpotrichiellaceae	Exophiala	unidentified
SH005490.07FU_AY214440_refs	Fungi	Ascomycota	Eurotiomycetes	Eurotiales	Aspergillaceae	Aspergillus	Aspergillus_caesiellus
SH004956.07FU_HQ026749_refs	Fungi	Ascomycota	Eurotiomycetes	Eurotiales	Aspergillaceae	Aspergillus	Aspergillus_clavatus
f585d31bc18b53323c0cf70db04133c744adf6bd	Fungi	Ascomycota	Eurotiomycetes	Eurotiales	Aspergillaceae	Aspergillus	Aspergillus_flavus
SH496368.07FU_KT221882_reps_singleton	Fungi	Ascomycota	Eurotiomycetes	Eurotiales	Aspergillaceae	Aspergillus	Aspergillus_flavus
SH007927.07FU_KT758160_reps_singleton	Fungi	Ascomycota	Eurotiomycetes	Eurotiales	Aspergillaceae	Aspergillus	Aspergillus_fumigatus
d9423b5513c9aa226ee77cc5e954575b408567fd	Fungi	Ascomycota	Eurotiomycetes	Eurotiales	Aspergillaceae	Aspergillus	Aspergillus_intermedius
SH003415.07FU_EF652074_refs	Fungi	Ascomycota	Eurotiomycetes	Eurotiales	Aspergillaceae	Aspergillus	Aspergillus_intermedius
SH015756.07FU_EF652036_refs	Fungi	Ascomycota	Eurotiomycetes	Eurotiales	Aspergillaceae	Aspergillus	Aspergillus_penicillioides
SH015757.07FU_EF652046_refs	Fungi	Ascomycota	Eurotiomycetes	Eurotiales	Aspergillaceae	Aspergillus	Aspergillus_penicillioides
SH013167.07FU_AY373871_refs	Fungi	Ascomycota	Eurotiomycetes	Eurotiales	Aspergillaceae	Aspergillus	Aspergillus_terreus
SH492529.07FU_KP196597_reps_singleton	Fungi	Ascomycota	Eurotiomycetes	Eurotiales	Aspergillaceae	Aspergillus	NA
SH629944.07FU_KX893539_reps_singleton	Fungi	Ascomycota	Eurotiomycetes	Eurotiales	Aspergillaceae	Aspergillus	NA
SH005533.07FU_GU733341_reps_singleton	Fungi	Ascomycota	Eurotiomycetes	Eurotiales	Aspergillaceae	Monascus	Monascus_eremophilus
SH014207.07FU_AY629431_refs	Fungi	Ascomycota	Eurotiomycetes	Eurotiales	Aspergillaceae	Monascus	Monascus_purpureus
SH005501.07FU_JN686433_refs	Fungi	Ascomycota	Eurotiomycetes	Eurotiales	Aspergillaceae	Penicillium	Penicillium_adametzioides
ca5c12d4eac6fcd9fca88a87fd5f246c5c291576	Fungi	Ascomycota	Eurotiomycetes	Eurotiales	Aspergillaceae	Penicillium	Penicillium_bialowiezense
SH016729.07FU_EU587315_refs	Fungi	Ascomycota	Eurotiomycetes	Eurotiales	Aspergillaceae	Penicillium	Penicillium_bialowiezense
ac912c12cee1d4a3626e002f509f4910c9b8078a	Fungi	Ascomycota	Eurotiomycetes	Eurotiales	Aspergillaceae	Penicillium	Penicillium_cinnamopurpureum
SH023251.07FU_EF626950_refs	Fungi	Ascomycota	Eurotiomycetes	Eurotiales	Aspergillaceae	Penicillium	Penicillium_cinnamopurpureum
SH027145.07FU_AF033400_refs	Fungi	Ascomycota	Eurotiomycetes	Eurotiales	Aspergillaceae	Penicillium	Penicillium_dierckxii
SH022270.07FU_JN617667_refs	Fungi	Ascomycota	Eurotiomycetes	Eurotiales	Aspergillaceae	Penicillium	Penicillium_herquei
0f5a240f94b7ecee8340d72d891a6ba778207742	Fungi	Ascomycota	Eurotiomycetes	Eurotiales	Aspergillaceae	Penicillium	Penicillium_ochrosalmoneum
SH016374.07FU_EF626961_refs	Fungi	Ascomycota	Eurotiomycetes	Eurotiales	Aspergillaceae	Penicillium	Penicillium_ochrosalmoneum
SH005494.07FU_KC411747_refs	Fungi	Ascomycota	Eurotiomycetes	Eurotiales	Aspergillaceae	Penicillium	Penicillium_phoeniceum
0166701169df0a286239379a32f2fcc7168fc99c	Fungi	Ascomycota	Eurotiomycetes	Eurotiales	Aspergillaceae	Penicillium	Penicillium_polonicum
072482ace633ce052d0146896ff0880d62ad3a9d	Fungi	Ascomycota	Eurotiomycetes	Eurotiales	Aspergillaceae	Penicillium	Penicillium_polonicum
0f1f727d46a944f7a3d7f13f9c3660840a7fc362	Fungi	Ascomycota	Eurotiomycetes	Eurotiales	Aspergillaceae	Penicillium	Penicillium_polonicum
15adc7049ba1f70bacdbf8edf3cda5c20f5bf969	Fungi	Ascomycota	Eurotiomycetes	Eurotiales	Aspergillaceae	Penicillium	Penicillium_polonicum
1f764c81407682eda57c9a5905d283f5fc49b4ed	Fungi	Ascomycota	Eurotiomycetes	Eurotiales	Aspergillaceae	Penicillium	Penicillium_polonicum
218ea45653f15b99eff0b07ac1eb34e089ea5b20	Fungi	Ascomycota	Eurotiomycetes	Eurotiales	Aspergillaceae	Penicillium	Penicillium_polonicum
30fa353b587b9592f26d2ee3d1800a857817005d	Fungi	Ascomycota	Eurotiomycetes	Eurotiales	Aspergillaceae	Penicillium	Penicillium_polonicum
36de9c0de6a2f58f4b4d9e35e37adfe8c3036553	Fungi	Ascomycota	Eurotiomycetes	Eurotiales	Aspergillaceae	Penicillium	Penicillium_polonicum
4ef4b1639f7aa0de261f0c3e5f1b06650fe71e39	Fungi	Ascomycota	Eurotiomycetes	Eurotiales	Aspergillaceae	Penicillium	Penicillium_polonicum
6cdc1273486400b9de85bee939b226afd1ce0b1d	Fungi	Ascomycota	Eurotiomycetes	Eurotiales	Aspergillaceae	Penicillium	Penicillium_polonicum
79b44df49a26f2230fca4aec4a465ea4b8f117e5	Fungi	Ascomycota	Eurotiomycetes	Eurotiales	Aspergillaceae	Penicillium	Penicillium_polonicum
974d0a6a9d03107db06f4ac70b021e80f917286d	Fungi	Ascomycota	Eurotiomycetes	Eurotiales	Aspergillaceae	Penicillium	Penicillium_polonicum
b94c0f747548a3949e061e5330b282f02ce093b0	Fungi	Ascomycota	Eurotiomycetes	Eurotiales	Aspergillaceae	Penicillium	Penicillium_polonicum
deba933c8b343aa74e0e9ccca5917d8d9dd4a406	Fungi	Ascomycota	Eurotiomycetes	Eurotiales	Aspergillaceae	Penicillium	Penicillium_polonicum
f50b977e7914883a53b3dffd62d3bd13b06d4b14	Fungi	Ascomycota	Eurotiomycetes	Eurotiales	Aspergillaceae	Penicillium	Penicillium_polonicum
f5ee6c39ee377af735e7c6e2d84a14b64632df7e	Fungi	Ascomycota	Eurotiomycetes	Eurotiales	Aspergillaceae	Penicillium	Penicillium_polonicum
fa946a36898ededcef3f66b6242417cceb5ae682	Fungi	Ascomycota	Eurotiomycetes	Eurotiales	Aspergillaceae	Penicillium	Penicillium_polonicum
SH457630.07FU_KC009805_reps_singleton	Fungi	Ascomycota	Eurotiomycetes	Eurotiales	Aspergillaceae	Penicillium	Penicillium_polonicum
7287df9931233c908765f3e36b07b7b5c2333b95	Fungi	Ascomycota	Eurotiomycetes	Eurotiales	Aspergillaceae	Penicillium	unidentified
SH022281.07FU_GU083021_reps_singleton	Fungi	Ascomycota	Eurotiomycetes	Eurotiales	Aspergillaceae	Penicillium	unidentified
SH629602.07FU_KX515667_reps_singleton	Fungi	Ascomycota	Eurotiomycetes	Eurotiales	Aspergillaceae	Penicillium	unidentified
SH005485.07FU_JN626097_refs	Fungi	Ascomycota	Eurotiomycetes	Eurotiales	Aspergillaceae	Penicillium	NA
SH010433.07FU_AF033422_refs	Fungi	Ascomycota	Eurotiomycetes	Eurotiales	Aspergillaceae	Penicillium	NA
SH022282.07FU_KF800326_reps_singleton	Fungi	Ascomycota	Eurotiomycetes	Eurotiales	Aspergillaceae	Penicillium	NA
SH497056.07FU_KF267869_reps_singleton	Fungi	Ascomycota	Eurotiomycetes	Eurotiales	Aspergillaceae	Phialosimplex	Phialosimplex_sclerotialis
3449fcfe989ee3b69367c1bfc8565b6807c5a952	Fungi	Ascomycota	Eurotiomycetes	Eurotiales	Aspergillaceae	Xeromyces	Xeromyces_bisporus
SH002079.07FU_GU733337_refs	Fungi	Ascomycota	Eurotiomycetes	Eurotiales	Aspergillaceae	Xeromyces	Xeromyces_bisporus
4a3875e5e8f16ba2596bc027f49784b1e18304b7	Fungi	Ascomycota	Eurotiomycetes	Eurotiales	Aspergillaceae	NA	NA
SH015758.07FU_FR727125_reps	Fungi	Ascomycota	Eurotiomycetes	Eurotiales	Aspergillaceae	NA	NA
SH017574.07FU_EU037051_refs	Fungi	Ascomycota	Eurotiomycetes	Eurotiales	Thermoascaceae	Byssochlamys	Byssochlamys_spectabilis
SH017673.07FU_JN899370_refs	Fungi	Ascomycota	Eurotiomycetes	Eurotiales	Trichocomaceae	Talaromyces	Talaromyces_piceae
SH007619.07FU_AY706335_refs	Fungi	Ascomycota	Eurotiomycetes	Eurotiales	Trichocomaceae	Thermomyces	Thermomyces_lanuginosus
SH016707.07FU_JF922075_reps	Fungi	Ascomycota	Eurotiomycetes	Eurotiales	Trichocomaceae	Xerochrysium	Xerochrysium_dermatitidis
SH006024.07FU_AJ390386_refs	Fungi	Ascomycota	Eurotiomycetes	Onygenales	Onygenales_fam_Incertae_sedis	Chrysosporium	Chrysosporium_pseudomerdarium
SH464084.07FU_KF800135_reps	Fungi	Ascomycota	Eurotiomycetes	Onygenales	unidentified	Aspergillus	Aspergillus inflatus
SH010434.07FU_GU944578_refs	Fungi	Ascomycota	Eurotiomycetes	unidentified	unidentified	Penicillium	Penicillium cosmopolitanum
d46128b9801608467ba268ca09a400abd94e6b77	Fungi	Ascomycota	Eurotiomycetes	NA	NA	NA	NA
SH007901.07FU_JQ301894_refs	Fungi	Ascomycota	Eurotiomycetes	NA	NA	NA	NA
SH007928.07FU_KF767327_reps_singleton	Fungi	Ascomycota	Eurotiomycetes	NA	NA	NA	NA
SH007929.07FU_KF800204_reps_singleton	Fungi	Ascomycota	Eurotiomycetes	NA	NA	NA	NA
SH455726.07FU_KF800379_reps_singleton	Fungi	Ascomycota	Eurotiomycetes	NA	NA	NA	NA
SH022931.07FU_GU300780_reps	Fungi	Ascomycota	Lecanoromycetes	Lecanorales	Parmeliaceae	Pseudevernia	Pseudevernia_furfuracea
473b57e2dd13c788372a2845f985491539da7c45	Fungi	Ascomycota	Leotiomycetes	Helotiales	Dermateaceae	Pseudopeziza	Pseudopeziza_medicaginis
SH014696.07FU_AB481285_refs	Fungi	Ascomycota	Leotiomycetes	Helotiales	Hyaloscyphaceae	Trichopeziza	Trichopeziza_mollissima
SH029345.07FU_JX270592_reps	Fungi	Ascomycota	Leotiomycetes	Helotiales	Myxotrichaceae	Oidiodendron	Oidiodendron eucalypti
SH000501.07FU_GU229805_reps_singleton	Fungi	Ascomycota	Leotiomycetes	Helotiales	Sclerotiniaceae	Sclerotinia	Sclerotinia_sclerotiorum
SH002160.07FU_KC171350_refs	Fungi	Ascomycota	Leotiomycetes	Helotiales	Sclerotiniaceae	Sclerotinia	Sclerotinia_sclerotiorum
SH490510.07FU_KP280323_reps_singleton	Fungi	Ascomycota	Leotiomycetes	Helotiales	Sclerotiniaceae	Sclerotinia	Sclerotinia_sclerotiorum
SH004978.07FU_KM519282_reps	Fungi	Ascomycota	Leotiomycetes	unidentified	unidentified	Ramgea	Ramgea ozimecii
SH028852.07FU_HQ829058_reps	Fungi	Ascomycota	Pezizomycetes	Pezizales	Pyronemataceae	Pyronema	NA
SH010356.07FU_JN942656_refs	Fungi	Ascomycota	Saccharomycetes	Saccharomycetales	Debaryomycetaceae	Debaryomyces	Debaryomyces_udenii
SH018142.07FU_EF568067_refs	Fungi	Ascomycota	Saccharomycetes	Saccharomycetales	Debaryomycetaceae	Millerozyma	Millerozyma_farinosa
SH010375.07FU_AJ853767_refs	Fungi	Ascomycota	Saccharomycetes	Saccharomycetales	Debaryomycetaceae	Priceomyces	Priceomyces_carsonii
SH032912.07FU_LN651297_reps	Fungi	Ascomycota	Saccharomycetes	Saccharomycetales	Phaffomycetaceae	Cyberlindnera	Cyberlindnera_fabianii
f6ad2c11d203efeacfd6c2abd8b32440b85850c5	Fungi	Ascomycota	Saccharomycetes	Saccharomycetales	Phaffomycetaceae	Cyberlindnera	Cyberlindnera_jadinii
SH011095.07FU_DQ249199_refs	Fungi	Ascomycota	Saccharomycetes	Saccharomycetales	Phaffomycetaceae	Cyberlindnera	Cyberlindnera_jadinii
SH628625.07FU_KY102493_reps	Fungi	Ascomycota	Saccharomycetes	Saccharomycetales	Phaffomycetaceae	Cyberlindnera	unidentified
SH006582.07FU_DQ249196_refs	Fungi	Ascomycota	Saccharomycetes	Saccharomycetales	Phaffomycetaceae	Wickerhamomyces	Wickerhamomyces_anomalus
SH020137.07FU_DQ104711_refs	Fungi	Ascomycota	Saccharomycetes	Saccharomycetales	Pichiaceae	Pichia	Pichia_kluyveri
SH031193.07FU_EF568070_refs	Fungi	Ascomycota	Saccharomycetes	Saccharomycetales	Saccharomycetaceae	Kazachstania	Kazachstania_exigua
SH018703.07FU_AY046213_refs	Fungi	Ascomycota	Saccharomycetes	Saccharomycetales	Saccharomycetaceae	Kluyveromyces	Kluyveromyces_lactis
0f170b3bb7ab7bee4856fdcc674d6a951d253332	Fungi	Ascomycota	Saccharomycetes	Saccharomycetales	Saccharomycetaceae	Saccharomyces	Saccharomyces_cerevisiae
SH004658.07FU_AB018043_refs	Fungi	Ascomycota	Saccharomycetes	Saccharomycetales	Saccharomycetaceae	Saccharomyces	NA
SH006150.07FU_EF568083_refs	Fungi	Ascomycota	Saccharomycetes	Saccharomycetales	Saccharomycetaceae	Torulaspora	Torulaspora_delbrueckii
69651d4bb3707ee5444b58587947d51557ed93e4	Fungi	Ascomycota	Saccharomycetes	Saccharomycetales	Saccharomycetales_fam_Incertae_sedis	Candida	Candida_albicans
7fbf3f52b10f5aa11865231258d6f63de0072ca3	Fungi	Ascomycota	Saccharomycetes	Saccharomycetales	Saccharomycetales_fam_Incertae_sedis	Candida	Candida_albicans
SH006182.07FU_AY589573_refs	Fungi	Ascomycota	Saccharomycetes	Saccharomycetales	Saccharomycetales_fam_Incertae_sedis	Candida	Candida_bracarensis
0737f17020add01fd8e046de9135bcd973251b75	Fungi	Ascomycota	Saccharomycetes	Saccharomycetales	Saccharomycetales_fam_Incertae_sedis	Candida	Candida_dubliniensis
SH013474.07FU_AB049123_refs	Fungi	Ascomycota	Saccharomycetes	Saccharomycetales	Saccharomycetales_fam_Incertae_sedis	Candida	Candida_dubliniensis
SH629038.07FU_KX129763_reps_singleton	Fungi	Ascomycota	Saccharomycetes	Saccharomycetales	Saccharomycetales_fam_Incertae_sedis	Candida	Candida_dubliniensis
SH020143.07FU_AY790538_refs	Fungi	Ascomycota	Saccharomycetes	Saccharomycetales	Saccharomycetales_fam_Incertae_sedis	Candida	Candida_ethanolica
SH488060.07FU_KU212147_reps_singleton	Fungi	Ascomycota	Saccharomycetes	Saccharomycetales	Saccharomycetales_fam_Incertae_sedis	Candida	Candida_kruisii
SH016356.07FU_AY790540_refs	Fungi	Ascomycota	Saccharomycetes	Saccharomycetales	Saccharomycetales_fam_Incertae_sedis	Candida	Candida_odintsovae
fd3c48766551cb24cae5e6835903f656c7af863e	Fungi	Ascomycota	Saccharomycetes	Saccharomycetales	Saccharomycetales_fam_Incertae_sedis	Candida	Candida_parapsilosis
SH015532.07FU_AY939798_refs	Fungi	Ascomycota	Saccharomycetes	Saccharomycetales	Saccharomycetales_fam_Incertae_sedis	Candida	Candida_parapsilosis
SH023597.07FU_DQ665264_reps	Fungi	Ascomycota	Saccharomycetes	Saccharomycetales	Saccharomycetales_fam_Incertae_sedis	Candida	Candida_quercitrusa
SH027243.07FU_JX993810_reps_singleton	Fungi	Ascomycota	Saccharomycetes	Saccharomycetales	Saccharomycetales_fam_Incertae_sedis	Candida	Candida_railenensis
SH018601.07FU_EF568042_refs	Fungi	Ascomycota	Saccharomycetes	Saccharomycetales	Saccharomycetales_fam_Incertae_sedis	Candida	Candida_tropicalis
12ae01f8fb4c64f4cd6418cc1e420fb06b13eb49	Fungi	Ascomycota	Saccharomycetes	Saccharomycetales	Saccharomycetales_fam_Incertae_sedis	Candida	unidentified
1641f42c3d1a72a072691f483a4910cad96c7899	Fungi	Ascomycota	Saccharomycetes	Saccharomycetales	Saccharomycetales_fam_Incertae_sedis	Candida	unidentified
1f813d0806f3f7834138248db254dfb711aee70d	Fungi	Ascomycota	Saccharomycetes	Saccharomycetales	Saccharomycetales_fam_Incertae_sedis	Candida	unidentified
2979794c0dc6795a221967241731c8bc29d866d9	Fungi	Ascomycota	Saccharomycetes	Saccharomycetales	Saccharomycetales_fam_Incertae_sedis	Candida	unidentified
386c2207d2c418feedb3f857629950888cb37b99	Fungi	Ascomycota	Saccharomycetes	Saccharomycetales	Saccharomycetales_fam_Incertae_sedis	Candida	unidentified
4632dd230d1bd7502c10c6547116ad37e059faf6	Fungi	Ascomycota	Saccharomycetes	Saccharomycetales	Saccharomycetales_fam_Incertae_sedis	Candida	unidentified
4fa04522a9f10526adb1242f2f692817fc7af55e	Fungi	Ascomycota	Saccharomycetes	Saccharomycetales	Saccharomycetales_fam_Incertae_sedis	Candida	unidentified
53c726216039a2a44dc916d55bc13e4a485d3878	Fungi	Ascomycota	Saccharomycetes	Saccharomycetales	Saccharomycetales_fam_Incertae_sedis	Candida	unidentified
5dd0b946128c5eadfeed200f5aa766659f1438b7	Fungi	Ascomycota	Saccharomycetes	Saccharomycetales	Saccharomycetales_fam_Incertae_sedis	Candida	unidentified
5e731b168c986f6969a9972299f57a77e75e5b38	Fungi	Ascomycota	Saccharomycetes	Saccharomycetales	Saccharomycetales_fam_Incertae_sedis	Candida	unidentified
5f518768246baf17b8f11cca6336b21369dc2d35	Fungi	Ascomycota	Saccharomycetes	Saccharomycetales	Saccharomycetales_fam_Incertae_sedis	Candida	unidentified
73cecfff7086414a259f0d3a768de9d1ccd0ae23	Fungi	Ascomycota	Saccharomycetes	Saccharomycetales	Saccharomycetales_fam_Incertae_sedis	Candida	unidentified
c01aaba3ba05415772987694c602824dbe1393fa	Fungi	Ascomycota	Saccharomycetes	Saccharomycetales	Saccharomycetales_fam_Incertae_sedis	Candida	unidentified
c46b19958729a5f236f9286c48a3bd94c95c8314	Fungi	Ascomycota	Saccharomycetes	Saccharomycetales	Saccharomycetales_fam_Incertae_sedis	Candida	unidentified
cd814cef35318dd68a66746173803a86ad39c1ab	Fungi	Ascomycota	Saccharomycetes	Saccharomycetales	Saccharomycetales_fam_Incertae_sedis	Candida	unidentified
fbfb701dad45e0dd5fbe41b5dad52c3f703308b0	Fungi	Ascomycota	Saccharomycetes	Saccharomycetales	Saccharomycetales_fam_Incertae_sedis	Candida	unidentified
SH001946.07FU_JX406296_reps_singleton	Fungi	Ascomycota	Saccharomycetes	Saccharomycetales	Saccharomycetales_fam_Incertae_sedis	Candida	unidentified
SH013473.07FU_EF567995_refs	Fungi	Ascomycota	Saccharomycetes	Saccharomycetales	Saccharomycetales_fam_Incertae_sedis	Candida	NA
SH032192.07FU_JX406291_reps_singleton	Fungi	Ascomycota	Saccharomycetes	Saccharomycetales	Saccharomycetales_fam_Incertae_sedis	Candida	NA
SH002002.07FU_AB501148_refs	Fungi	Ascomycota	Saccharomycetes	Saccharomycetales	Saccharomycodaceae	Hanseniaspora	unidentified
fe547a4c7e5921d86deb78b5c3bd3416ca6b73dd	Fungi	Ascomycota	Saccharomycetes	Saccharomycetales	unidentified	Candida	[Candida] mucifera
SH022542.07FU_LC158134_reps	Fungi	Ascomycota	Saccharomycetes	Saccharomycetales	unidentified	Candida	[Candida] mucifera
deb3d4a3ee40d30118afeee8e357c324c661670b	Fungi	Ascomycota	Saccharomycetes	Saccharomycetales	unidentified	unidentified	unidentified
SH628810.07FU_KY611796_reps_singleton	Fungi	Ascomycota	Saccharomycetes	Saccharomycetales	NA	NA	NA
SH021239.07FU_KX611053_reps	Fungi	Ascomycota	Sordariomycetes	Coniochaetales	Coniochaetaceae	Coniochaeta	unidentified
SH007458.07FU_FR748048_refs	Fungi	Ascomycota	Sordariomycetes	Diaporthales	Diaporthaceae	Stenocarpella	Stenocarpella_macrospora
SH014151.07FU_AY266384_reps_singleton	Fungi	Ascomycota	Sordariomycetes	Glomerellales	Glomerellaceae	Colletotrichum	NA
SH022353.07FU_JQ658869_reps	Fungi	Ascomycota	Sordariomycetes	Glomerellales	Glomerellaceae	Colletotrichum	NA
SH021522.07FU_AJ292420_refs	Fungi	Ascomycota	Sordariomycetes	Glomerellales	Plectosphaerellaceae	Acrostalagmus	Acrostalagmus_luteoalbus
SH000153.07FU_JQ647448_refs	Fungi	Ascomycota	Sordariomycetes	Glomerellales	Plectosphaerellaceae	Lectera	Lectera_longa
SH013075.07FU_JQ781822_reps	Fungi	Ascomycota	Sordariomycetes	Glomerellales	Plectosphaerellaceae	unidentified	unidentified
c336d9a518a4ea75b04b2e2ed81357810dbf7917	Fungi	Ascomycota	Sordariomycetes	Glomerellales	Plectosphaerellaceae	Verticillium	Verticillium_dahliae
SH021580.07FU_HQ022506_reps	Fungi	Ascomycota	Sordariomycetes	Hypocreales	Bionectriaceae	Clonostachys	unidentified
SH021231.07FU_KR014357_reps	Fungi	Ascomycota	Sordariomycetes	Hypocreales	Bionectriaceae	Valsonectria	Valsonectria_pulchella
SH030061.07FU_GQ921719_reps	Fungi	Ascomycota	Sordariomycetes	Hypocreales	Clavicipitaceae	Metarhizium	Metarhizium_marquandii
SH026077.07FU_AF347612_refs	Fungi	Ascomycota	Sordariomycetes	Hypocreales	Cordycipitaceae	Cordyceps	Cordyceps_bassiana
1e759be8e7eb243c74dd428219db7337fef1b134	Fungi	Ascomycota	Sordariomycetes	Hypocreales	Hypocreaceae	Trichoderma	Trichoderma_harzianum
56f89f294ef39004200e796f0fef4fe93f2e7c96	Fungi	Ascomycota	Sordariomycetes	Hypocreales	Hypocreaceae	Trichoderma	Trichoderma_harzianum
SH001392.07FU_FJ613038_reps	Fungi	Ascomycota	Sordariomycetes	Hypocreales	Hypocreaceae	Trichoderma	NA
SH023113.07FU_HQ857108_reps_singleton	Fungi	Ascomycota	Sordariomycetes	Hypocreales	Hypocreaceae	Trichoderma	NA
SH489485.07FU_KT601341_reps_singleton	Fungi	Ascomycota	Sordariomycetes	Hypocreales	Hypocreaceae	Trichoderma	NA
SH021229.07FU_KP131521_refs	Fungi	Ascomycota	Sordariomycetes	Hypocreales	Hypocreales_fam_Incertae_sedis	Acremonium	Acremonium_hyalinulum
SH024461.07FU_FN706540_refs	Fungi	Ascomycota	Sordariomycetes	Hypocreales	Hypocreales_fam_Incertae_sedis	Acremonium	Acremonium_implicatum
SH013077.07FU_KP177417_reps	Fungi	Ascomycota	Sordariomycetes	Hypocreales	Hypocreales_fam_Incertae_sedis	Acremonium	unidentified
SH019622.07FU_HF680229_reps	Fungi	Ascomycota	Sordariomycetes	Hypocreales	Hypocreales_fam_Incertae_sedis	Acremonium	NA
SH024460.07FU_AY214439_refs	Fungi	Ascomycota	Sordariomycetes	Hypocreales	Hypocreales_fam_Incertae_sedis	Sarocladium	Sarocladium_strictum
390d711e500b2fd5020e4fc36c28b910042a26b5	Fungi	Ascomycota	Sordariomycetes	Hypocreales	Hypocreales_fam_Incertae_sedis	Trichothecium	Trichothecium_roseum
SH022604.07FU_JN081877_reps_singleton	Fungi	Ascomycota	Sordariomycetes	Hypocreales	Hypocreales_fam_Incertae_sedis	Trichothecium	Trichothecium_roseum
a0da0ec36df462031bcebc153c28e5861a74103a	Fungi	Ascomycota	Sordariomycetes	Hypocreales	Nectriaceae	Fusarium	unidentified
a914141eb9f1f8269a7d41cd17b173a5854d1d44	Fungi	Ascomycota	Sordariomycetes	Hypocreales	Nectriaceae	Fusarium	unidentified
SH028164.07FU_GU721438_reps	Fungi	Ascomycota	Sordariomycetes	Hypocreales	Nectriaceae	Fusarium	unidentified
SH496344.07FU_JX386800_reps	Fungi	Ascomycota	Sordariomycetes	Hypocreales	Nectriaceae	Fusarium	unidentified
SH497358.07FU_JX389602_reps_singleton	Fungi	Ascomycota	Sordariomycetes	Hypocreales	Nectriaceae	Fusarium	unidentified
SH019632.07FU_JN400709_reps_singleton	Fungi	Ascomycota	Sordariomycetes	Hypocreales	Nectriaceae	Fusarium	NA
SH031273.07FU_EU754924_reps_singleton	Fungi	Ascomycota	Sordariomycetes	Hypocreales	Nectriaceae	Fusarium	NA
SH458505.07FU_AY264267_reps_singleton	Fungi	Ascomycota	Sordariomycetes	Hypocreales	Nectriaceae	Fusarium	NA
SH026900.07FU_KM231813_refs	Fungi	Ascomycota	Sordariomycetes	Hypocreales	Nectriaceae	Gibberella	Gibberella_pulicaris
SH031935.07FU_AB586992_refs	Fungi	Ascomycota	Sordariomycetes	Hypocreales	Nectriaceae	Gibberella	Gibberella_zeae
06f8120b5c1bbe2b4ea0faea731310cc2bbc55a6	Fungi	Ascomycota	Sordariomycetes	Hypocreales	Nectriaceae	NA	NA
SH004764.07FU_FJ612740_reps_singleton	Fungi	Ascomycota	Sordariomycetes	Hypocreales	Nectriaceae	NA	NA
SH031212.07FU_AY660015_reps_singleton	Fungi	Ascomycota	Sordariomycetes	Hypocreales	Nectriaceae	NA	NA
SH479820.07FU_KJ160145_reps_singleton	Fungi	Ascomycota	Sordariomycetes	Hypocreales	Nectriaceae	NA	NA
SH000829.07FU_FN397338_reps	Fungi	Ascomycota	Sordariomycetes	Hypocreales	Stachybotryaceae	Myrothecium	unidentified
SH488019.07FU_KT328868_reps_singleton	Fungi	Ascomycota	Sordariomycetes	Hypocreales	unidentified	Cephalosporium	Cephalosporium serrae
b8f606344780dcb1bb84476ec3312dcaa6d810cc	Fungi	Ascomycota	Sordariomycetes	Hypocreales	unidentified	Claviceps	Claviceps arundinis
SH018662.07FU_JX083533_reps	Fungi	Ascomycota	Sordariomycetes	Hypocreales	unidentified	Claviceps	Claviceps spartinae
SH031214.07FU_HQ389514_reps_singleton	Fungi	Ascomycota	Sordariomycetes	Hypocreales	unidentified	Fusarium	Fusarium guttiforme
SH020356.07FU_KF780603_reps_singleton	Fungi	Ascomycota	Sordariomycetes	Hypocreales	unidentified	Fusarium	Fusarium venenatum
SH022863.07FU_KM816680_reps	Fungi	Ascomycota	Sordariomycetes	Hypocreales	unidentified	Lasionectria	Lasionectria hilhorstii
SH026848.07FU_KF800481_reps_singleton	Fungi	Ascomycota	Sordariomycetes	Hypocreales	unidentified	Paracylindrocarpon	Paracylindrocarpon aloicola
SH014653.07FU_KF705023_reps	Fungi	Ascomycota	Sordariomycetes	Hypocreales	NA	NA	NA
SH020991.07FU_AJ009248_reps_singleton	Fungi	Ascomycota	Sordariomycetes	Hypocreales	NA	NA	NA
SH022203.07FU_KC965330_reps_singleton	Fungi	Ascomycota	Sordariomycetes	Hypocreales	NA	NA	NA
SH000496.07FU_AY528998_refs	Fungi	Ascomycota	Sordariomycetes	Microascales	Ceratocystidaceae	Huntiella	Huntiella_moniliformopsis
26c6aa8e6ed28debb4ddc02cc10eccb608a73684	Fungi	Ascomycota	Sordariomycetes	Microascales	Ceratocystidaceae	Thielaviopsis	Thielaviopsis_basicola
SH017262.07FU_KU561825_reps	Fungi	Ascomycota	Sordariomycetes	Microascales	Ceratocystidaceae	Thielaviopsis	Thielaviopsis_basicola
SH013609.07FU_LM652379_refs	Fungi	Ascomycota	Sordariomycetes	Microascales	Microascaceae	Gamsia	Gamsia_simplex
SH012713.07FU_AJ853776_refs	Fungi	Ascomycota	Sordariomycetes	Microascales	Microascaceae	Microascus	Microascus_brevicaulis
SH494462.07FU_LM652450_refs_singleton	Fungi	Ascomycota	Sordariomycetes	Microascales	Microascaceae	Pithoascus	Pithoascus_nidicola
SH493392.07FU_KM215645_reps_singleton	Fungi	Ascomycota	Sordariomycetes	Microascales	Microascaceae	Pithoascus	unidentified
a4a8dc7f30158194f7b32b06bfd54710add5f6e5	Fungi	Ascomycota	Sordariomycetes	Microascales	Microascaceae	Pseudallescheria	unidentified
SH008700.07FU_HQ185322_refs	Fungi	Ascomycota	Sordariomycetes	Microascales	Microascaceae	Scedosporium	Scedosporium_prolificans
ebd8c0315166485ee9662d6b526e7a1fa3010af7	Fungi	Ascomycota	Sordariomycetes	Microascales	Microascales_fam_Incertae_sedis	Wardomyces	Wardomyces_inflatus
b30d29a4e818f0d73cc1c5aca31f27799e8f0e58	Fungi	Ascomycota	Sordariomycetes	Microascales	NA	NA	NA
SH013922.07FU_AB625592_refs	Fungi	Ascomycota	Sordariomycetes	Sordariales	Chaetomiaceae	Humicola	Humicola_nigrescens
SH029395.07FU_GQ922538_refs	Fungi	Ascomycota	Sordariomycetes	Sordariales	Lasiosphaeriaceae	Podospora	Podospora_longicollis
SH024459.07FU_EU863525_refs	Fungi	Ascomycota	Sordariomycetes	Togniniales	Togniniaceae	Phaeoacremonium	Phaeoacremonium_hungaricum
SH026816.07FU_KP859021_reps	Fungi	Ascomycota	Sordariomycetes	unidentified	unidentified	Microdochium	Microdochium seminicola
SH032703.07FU_KP992083_reps	Fungi	Ascomycota	Sordariomycetes	Xylariales	Xylariaceae	unidentified	unidentified
SH026208.07FU_KF986550_reps	Fungi	Ascomycota	Sordariomycetes	Xylariales	Xylariales_fam_Incertae_sedis	Hansfordia	Hansfordia_pulvinata
SH026810.07FU_KT203113_reps	Fungi	Ascomycota	Sordariomycetes	NA	NA	NA	NA
SH466940.07FU_EF377335_reps_singleton	Fungi	Ascomycota	Sordariomycetes	NA	NA	NA	NA
SH497336.07FU_JX385407_reps_singleton	Fungi	Ascomycota	Sordariomycetes	NA	NA	NA	NA
a11b95a13cd5e2d6bca564c4e1b687b097682e86	Fungi	Ascomycota	unidentified	unidentified	unidentified	Arthrographis	[Arthrographis] pinicola
35d85d6d52211543dd99373a18bb7ddb4984bf99	Fungi	Ascomycota	unidentified	unidentified	unidentified	Alternaria	Alternaria alstroemeriae
e1cc28f2204466dd480cc69ba96d1419979e350f	Fungi	Ascomycota	unidentified	unidentified	unidentified	Alternaria	Alternaria alstroemeriae
fc25a902435c962124035c4be94f340edb02d607	Fungi	Ascomycota	unidentified	unidentified	unidentified	Alternaria	Alternaria alstroemeriae
SH630853.07FU_KX515196_reps_singleton	Fungi	Ascomycota	unidentified	unidentified	unidentified	Alternaria	Alternaria alstroemeriae
SH014342.07FU_KF638538_reps	Fungi	Ascomycota	unidentified	unidentified	unidentified	Alternaria	Alternaria pseudorostrata
1fe3c7a5d0863195728571e6e950500953ddd081	Fungi	Ascomycota	unidentified	unidentified	unidentified	Anteaglonium	Anteaglonium rubescens
SH492346.07FU_JX385609_reps	Fungi	Ascomycota	unidentified	unidentified	unidentified	Aureobasidium	Aureobasidium leucospermi
SH014188.07FU_AJ244232_refs	Fungi	Ascomycota	unidentified	unidentified	unidentified	Aureobasidium	Aureobasidium melanogenum
2b1aaf435353381d0e9e492fd6f2ef2d4d983a30	Fungi	Ascomycota	unidentified	unidentified	unidentified	Aureoconidiella	Aureoconidiella foliicola
SH023594.07FU_KP900323_reps	Fungi	Ascomycota	unidentified	unidentified	unidentified	Byssochlamys	Byssochlamys nivea
a80ae3681693ceffad33e666ff902c1348679755	Fungi	Ascomycota	unidentified	unidentified	unidentified	Cladosporium	Cladosporium chasmanthicola
SH026179.07FU_GU721495_reps	Fungi	Ascomycota	unidentified	unidentified	unidentified	Cladosporium	Cladosporium chasmanthicola
SH030064.07FU_HM148081_refs	Fungi	Ascomycota	unidentified	unidentified	unidentified	Cladosporium	Cladosporium chasmanthicola
SH494522.07FU_JX372287_reps_singleton	Fungi	Ascomycota	unidentified	unidentified	unidentified	Clonostachys	Clonostachys rosea f. catenulata
SH032103.07FU_AM084436_reps	Fungi	Ascomycota	unidentified	unidentified	unidentified	Dematiopleospora	Dematiopleospora salsolae
SH468151.07FU_KF800321_reps_singleton	Fungi	Ascomycota	unidentified	unidentified	unidentified	Didymella	Didymella keratinophila
SH492323.07FU_JX383797_reps_singleton	Fungi	Ascomycota	unidentified	unidentified	unidentified	Didymella	Didymella keratinophila
SH489860.07FU_JX356239_reps	Fungi	Ascomycota	unidentified	unidentified	unidentified	Fusarium	Fusarium equiseti
SH492126.07FU_JX349809_reps_singleton	Fungi	Ascomycota	unidentified	unidentified	unidentified	Fusarium	Fusarium equiseti
SH455880.07FU_EU754935_reps_singleton	Fungi	Ascomycota	unidentified	unidentified	unidentified	Fusicolla	Fusicolla ossicola
60b51df7f2dd06ee12017cf1af3d5b1e3a8ef7cb	Fungi	Ascomycota	unidentified	unidentified	unidentified	Genea	Genea brunneocarpa
a5e7f2a561362ad029b0909796f6929cce52dbe2	Fungi	Ascomycota	unidentified	unidentified	unidentified	Genea	Genea cephalonicae
SH490648.07FU_JX384418_reps	Fungi	Ascomycota	unidentified	unidentified	unidentified	Gyrothrix	Gyrothrix eucalypti
4aee87dc790b8603fc76131086afb7592f4d2dec	Fungi	Ascomycota	unidentified	unidentified	unidentified	Ochrocladosporium	Ochrocladosporium frigidarii
SH022608.07FU_JF740189_reps	Fungi	Ascomycota	unidentified	unidentified	unidentified	Ochrocladosporium	Ochrocladosporium frigidarii
SH004373.07FU_KU574712_reps	Fungi	Ascomycota	unidentified	unidentified	unidentified	Periconia	Periconia prolifica
SH005749.07FU_KR056291_reps	Fungi	Ascomycota	unidentified	unidentified	unidentified	Phaeosphaeria	Phaeosphaeria thysanolaenicola
SH493248.07FU_JX343238_reps	Fungi	Ascomycota	unidentified	unidentified	unidentified	Plectosphaerella	Plectosphaerella niemeijerarum
SH496263.07FU_KU580801_reps_singleton	Fungi	Ascomycota	unidentified	unidentified	unidentified	Plectosphaerella	Plectosphaerella niemeijerarum
610d17d3fe4d57845a7ec6973e66d9ee9b786392	Fungi	Ascomycota	unidentified	unidentified	unidentified	Preussia	Preussia flanaganii
SH491807.07FU_JX326073_reps_singleton	Fungi	Ascomycota	unidentified	unidentified	unidentified	Preussia	Preussia flanaganii
SH494508.07FU_JX359634_reps_singleton	Fungi	Ascomycota	unidentified	unidentified	unidentified	Preussia	Preussia flanaganii
SH496224.07FU_JX338229_reps_singleton	Fungi	Ascomycota	unidentified	unidentified	unidentified	Pseudogymnoascus	Pseudogymnoascus verrucosus
SH004149.07FU_KF019272_reps	Fungi	Ascomycota	unidentified	unidentified	unidentified	Roussoella	Roussoella mukdahanensis
SH011832.07FU_EU520628_reps_singleton	Fungi	Ascomycota	unidentified	unidentified	unidentified	Stagonosporopsis	Stagonosporopsis valerianellae
SH489698.07FU_JX323674_reps	Fungi	Ascomycota	unidentified	unidentified	unidentified	Stagonosporopsis	Stagonosporopsis valerianellae
SH490949.07FU_JX323393_reps	Fungi	Ascomycota	unidentified	unidentified	unidentified	Stagonosporopsis	Stagonosporopsis valerianellae
SH491764.07FU_JX347974_reps	Fungi	Ascomycota	unidentified	unidentified	unidentified	Stagonosporopsis	Stagonosporopsis valerianellae
SH493343.07FU_JX359547_reps	Fungi	Ascomycota	unidentified	unidentified	unidentified	Stagonosporopsis	Stagonosporopsis valerianellae
SH494543.07FU_JX346844_reps_singleton	Fungi	Ascomycota	unidentified	unidentified	unidentified	Stemphylium	Stemphylium valerianellae
SH491338.07FU_KP899396_reps_singleton	Fungi	Ascomycota	unidentified	unidentified	unidentified	Stemphylium	Stemphylium majusculum
SH026355.07FU_JQ246356_reps	Fungi	Ascomycota	unidentified	unidentified	unidentified	Torula	Torula gaodangensis
SH014449.07FU_AF121283_reps	Fungi	Ascomycota	unidentified	unidentified	unidentified	Zalaria	Zalaria obscura
SH494992.07FU_KP893218_reps_singleton	Fungi	Ascomycota	NA	NA	NA	NA	Alternaria alstroemeriae
0e0d7cbde308c1a8321392b783b1f6d29d7ec0f2	Fungi	Ascomycota	NA	NA	NA	NA	Aspergillus versicolor
SH013131.07FU_Z54110_refs	Fungi	Ascomycota	NA	NA	NA	NA	Blackwellomyces cardinalis
SH495179.07FU_KT161151_reps_singleton	Fungi	Ascomycota	NA	NA	NA	NA	Cercospora musigena
SH013920.07FU_HM365253_refs	Fungi	Ascomycota	NA	NA	NA	NA	Chaetomium nepalense
SH028821.07FU_EF679363_refs	Fungi	Ascomycota	NA	NA	NA	NA	Cladosporium angustiherbarum
SH492656.07FU_KT329213_reps	Fungi	Ascomycota	NA	NA	NA	NA	Cladosporium endophytica
SH028822.07FU_GU721978_reps	Fungi	Ascomycota	NA	NA	NA	NA	Cladosporium parapenidielloides
SH008122.07FU_GU237794_refs	Fungi	Ascomycota	NA	NA	NA	NA	Didymella keratinophila
SH016427.07FU_KF800522_reps	Fungi	Ascomycota	NA	NA	NA	NA	Didymella keratinophila
SH022314.07FU_FJ427059_refs	Fungi	Ascomycota	NA	NA	NA	NA	Didymella keratinophila
SH490643.07FU_JX385988_reps_singleton	Fungi	Ascomycota	NA	NA	NA	NA	Didymella keratinophila
SH496204.07FU_KT160934_reps_singleton	Fungi	Ascomycota	NA	NA	NA	NA	Didymella keratinophila
SH496333.07FU_JX367834_reps_singleton	Fungi	Ascomycota	NA	NA	NA	NA	Didymella keratinophila
SH496509.07FU_KP843452_reps_singleton	Fungi	Ascomycota	NA	NA	NA	NA	Didymella keratinophila
SH025461.07FU_KF800360_reps	Fungi	Ascomycota	NA	NA	NA	NA	Epicoccum keratinophilum
08d3d2e2b8b3a569f23b07d0d8e44388fa859a61	Fungi	Ascomycota	NA	NA	NA	NA	Epicoccum sp. MR-2019a
10346f7e885a00054ffab3e7903e485672d7c3a5	Fungi	Ascomycota	NA	NA	NA	NA	Epicoccum sp. MR-2019a
4c7253822c5eadd22775182332ca1cf886ef08f4	Fungi	Ascomycota	NA	NA	NA	NA	Epicoccum sp. MR-2019a
SH489656.07FU_HG937073_reps_singleton	Fungi	Ascomycota	NA	NA	NA	NA	Epicoccum sp. MR-2019a
SH491785.07FU_JX325704_reps_singleton	Fungi	Ascomycota	NA	NA	NA	NA	Epicoccum sp. MR-2019a
SH013434.07FU_DQ182587_refs	Fungi	Ascomycota	NA	NA	NA	NA	Exophiala xenobiotica
SH022240.07FU_EU442589_reps_singleton	Fungi	Ascomycota	NA	NA	NA	NA	Fusarium nurragi
SH489173.07FU_KR909450_reps	Fungi	Ascomycota	NA	NA	NA	NA	Fusarium nurragi
SH028498.07FU_FJ427048_refs	Fungi	Ascomycota	NA	NA	NA	NA	Neoascochyta cylindrispora
SH002384.07FU_DQ219433_refs	Fungi	Ascomycota	NA	NA	NA	NA	Nigrospora zimmermanii
SH029447.07FU_HE820839_reps	Fungi	Ascomycota	NA	NA	NA	NA	Nigrospora zimmermanii
SH005803.07FU_AF191549_reps	Fungi	Ascomycota	NA	NA	NA	NA	Ophiosphaerella aquatica
SH629061.07FU_KX515321_reps_singleton	Fungi	Ascomycota	NA	NA	NA	NA	Ophiosphaerella aquatica
SH628961.07FU_KX515816_reps	Fungi	Ascomycota	NA	NA	NA	NA	Paramyrothecium parvum
SH465596.07FU_KF227869_reps_singleton	Fungi	Ascomycota	NA	NA	NA	NA	Paraphaeosphaeria michotii
SH023400.07FU_HQ649827_reps	Fungi	Ascomycota	NA	NA	NA	NA	Paraphoma rhaphiolepidis
SH025943.07FU_KF800344_reps_singleton	Fungi	Ascomycota	NA	NA	NA	NA	Parastagonospora forlicesenica
SH005751.07FU_DQ092527_reps	Fungi	Ascomycota	NA	NA	NA	NA	Parastagonospora phoenicicola
SH005755.07FU_KP004452_refs	Fungi	Ascomycota	NA	NA	NA	NA	Parastagonospora phoenicicola
SH022294.07FU_GQ120990_reps_singleton	Fungi	Ascomycota	NA	NA	NA	NA	Penicillium fimorum
875567fe32f5b4ec58ad9e0f888e20a8a796bdc6	Fungi	Ascomycota	NA	NA	NA	NA	Penicillium fuscoglaucum
SH493336.07FU_KT921205_reps_singleton	Fungi	Ascomycota	NA	NA	NA	NA	Penicillium fuscoglaucum
SH489849.07FU_JX341637_reps_singleton	Fungi	Ascomycota	NA	NA	NA	NA	Penicillium molle
SH022268.07FU_AF033475_refs	Fungi	Ascomycota	NA	NA	NA	NA	Penicillium neoechinulatum
SH023256.07FU_HM172819_reps	Fungi	Ascomycota	NA	NA	NA	NA	Phaeosphaeria gahniae
SH631533.07FU_KX499269_reps_singleton	Fungi	Ascomycota	NA	NA	NA	NA	Pseudoascochyta novae-zelandiae
6459c59e7dc25a18ce98aa6c5bdc3737bfe22d1c	Fungi	Ascomycota	NA	NA	NA	NA	Pseudogymnoascus verrucosus
SH006030.07FU_KC810985_reps_singleton	Fungi	Ascomycota	NA	NA	NA	NA	Pseudogymnoascus verrucosus
SH016423.07FU_JF740262_refs	Fungi	Ascomycota	NA	NA	NA	NA	Pyrenochaetopsis microspora
SH022474.07FU_EU680544_reps	Fungi	Ascomycota	NA	NA	NA	NA	Spegazzinia radermacherae
b5e7daf204e64a50916ba1a386f6fcd1fd8a066d	Fungi	Ascomycota	NA	NA	NA	NA	Talaromyces thailandensis
SH493234.07FU_JX328787_reps_singleton	Fungi	Ascomycota	NA	NA	NA	NA	Talaromyces thailandensis
SH490662.07FU_HG937122_reps_singleton	Fungi	Ascomycota	NA	NA	NA	NA	Thelebolus ellipsoideus
SH490319.07FU_JX318285_reps_singleton	Fungi	Ascomycota	NA	NA	NA	NA	Trichoderma virilente
SH630895.07FU_KX271324_reps_singleton	Fungi	Ascomycota	NA	NA	NA	NA	Trichoderma virilente
24be760cd7ff3cc3b6c30a6df155396248f7da53	Fungi	Basidiomycota	Agaricomycetes	Agaricales	Agaricaceae	Agaricus	Agaricus_bisporus
SH000375.07FU_UDB011831_refs	Fungi	Basidiomycota	Agaricomycetes	Agaricales	Agaricaceae	Agaricus	Agaricus_bisporus
SH011928.07FU_EU435148_refs	Fungi	Basidiomycota	Agaricomycetes	Agaricales	Hygrophoraceae	Hygrocybe	Hygrocybe_chlorophana
SH005898.07FU_UDB015377_refs	Fungi	Basidiomycota	Agaricomycetes	Agaricales	Marasmiaceae	Marasmius	Marasmius_oreades
SH023747.07FU_UDB017989_reps	Fungi	Basidiomycota	Agaricomycetes	Agaricales	Omphalotaceae	Rhodocollybia	Rhodocollybia_butyracea_f._asema
SH033760.07FU_AY313296_refs	Fungi	Basidiomycota	Agaricomycetes	Agaricales	Omphalotaceae	Rhodocollybia	unidentified
SH030805.07FU_EU686118_reps	Fungi	Basidiomycota	Agaricomycetes	Agaricales	Psathyrellaceae	Coprinopsis	Coprinopsis_urticicola
SH496389.07FU_KR824074_reps_singleton	Fungi	Basidiomycota	Agaricomycetes	Agaricales	Strophariaceae	Hypholoma	NA
SH001141.07FU_UDB031769_reps	Fungi	Basidiomycota	Agaricomycetes	Agaricales	unidentified	unidentified	unidentified
SH031716.07FU_KJ714004_reps	Fungi	Basidiomycota	Agaricomycetes	Agaricales	unidentified	unidentified	unidentified
SH007729.07FU_FJ790314_reps_singleton	Fungi	Basidiomycota	Agaricomycetes	Boletales	Coniophoraceae	Coniophora	Coniophora_opuntiae
SH003737.07FU_EF619640_reps_singleton	Fungi	Basidiomycota	Agaricomycetes	Cantharellales	Botryobasidiaceae	Botryobasidium	unidentified
SH009824.07FU_AB432935_reps	Fungi	Basidiomycota	Agaricomycetes	Cantharellales	Botryobasidiaceae	Botryobasidium	unidentified
SH016916.07FU_UDB031598_reps_singleton	Fungi	Basidiomycota	Agaricomycetes	Cantharellales	Cantharellales_fam_Incertae_sedis	Sistotrema	Sistotrema_sernanderi
SH015449.07FU_KM589033_reps	Fungi	Basidiomycota	Agaricomycetes	Cantharellales	Ceratobasidiaceae	unidentified	unidentified
SH000098.07FU_KJ777631_reps	Fungi	Basidiomycota	Agaricomycetes	Cantharellales	Ceratobasidiaceae	NA	NA
SH000881.07FU_UDB011413_refs	Fungi	Basidiomycota	Agaricomycetes	Corticiales	Corticiaceae	Phlebia	Phlebia_tremellosa
SH000883.07FU_JQ919942_reps_singleton	Fungi	Basidiomycota	Agaricomycetes	Corticiales	Corticiaceae	Phlebia	Phlebia_tremellosa
SH029781.07FU_AY487957_reps	Fungi	Basidiomycota	Agaricomycetes	Geastrales	Sphaerobolaceae	Sphaerobolus	Sphaerobolus_stellatus
SH015255.07FU_UDB011753_refs	Fungi	Basidiomycota	Agaricomycetes	Gloeophyllales	Gloeophyllaceae	Gloeophyllum	Gloeophyllum_sepiarium
SH020763.07FU_DQ826547_refs	Fungi	Basidiomycota	Agaricomycetes	Hymenochaetales	Hymenochaetales_fam_Incertae_sedis	Resinicium	Resinicium_saccharicola
SH016271.07FU_UDB015510_refs	Fungi	Basidiomycota	Agaricomycetes	Polyporales	Coriolaceae	Daedaleopsis	Daedaleopsis_confragosa
SH012620.07FU_UDB011614_refs	Fungi	Basidiomycota	Agaricomycetes	Polyporales	Coriolaceae	Trametes	Trametes_versicolor
SH023278.07FU_UDB016274_refs	Fungi	Basidiomycota	Agaricomycetes	Polyporales	Polyporaceae	Ischnoderma	Ischnoderma_benzoinum
SH008893.07FU_KF800254_reps	Fungi	Basidiomycota	Agaricomycetes	Polyporales	Polyporaceae	Physisporinus	Physisporinus_vitreus
SH003092.07FU_U63473_reps	Fungi	Basidiomycota	Agaricomycetes	Polyporales	Polyporaceae	Trichaptum	Trichaptum_biforme
SH016914.07FU_AB972781_refs	Fungi	Basidiomycota	Agaricomycetes	Polyporales	Polyporales_fam_Incertae_sedis	Burgoa	Burgoa_verzuoliana
SH028698.07FU_GU721177_reps	Fungi	Basidiomycota	Agaricomycetes	Polyporales	NA	NA	NA
SH014647.07FU_KR135365_reps	Fungi	Basidiomycota	Agaricomycetes	Russulales	Stereaceae	Stereum	unidentified
SH030924.07FU_KJ654522_reps	Fungi	Basidiomycota	Agaricomycetes	unidentified	unidentified	Sistotremastrum	Sistotremastrum aculeocrepitans
SH020578.07FU_HG936799_reps	Fungi	Basidiomycota	Agaricostilbomycetes	Agaricostilbales	Chionosphaeraceae	Kurtzmanomyces	unidentified
578a3c63a95a438c9a054f700cbd6e8e31680bfd	Fungi	Basidiomycota	Agaricostilbomycetes	Agaricostilbales	Kondoaceae	Kondoa	Kondoa_aeria
SH015401.07FU_AF444562_refs	Fungi	Basidiomycota	Agaricostilbomycetes	Agaricostilbales	Kondoaceae	Kondoa	Kondoa_aeria
SH013594.07FU_AF444590_refs	Fungi	Basidiomycota	CystoBasidiomycota	Cystobasidiales	Cystobasidiaceae	Cystobasidium	Cystobasidium_pallidum
007ef1d7cb15b3b22a4d67043e2cd0df4ac16d02	Fungi	Basidiomycota	CystoBasidiomycota	Cystobasidiales	Cystobasidiaceae	Cystobasidium	Cystobasidium_pinicola
0b2752398fac080f8b83a80f81d5dc1ef0c98b09	Fungi	Basidiomycota	CystoBasidiomycota	Cystobasidiales	Cystobasidiaceae	Cystobasidium	Cystobasidium_pinicola
64b892f2303ff112a922b057b24216e947516484	Fungi	Basidiomycota	CystoBasidiomycota	Cystobasidiales	Cystobasidiaceae	Cystobasidium	Cystobasidium_pinicola
SH013591.07FU_AF444292_refs	Fungi	Basidiomycota	CystoBasidiomycota	Cystobasidiales	Cystobasidiaceae	Cystobasidium	Cystobasidium_pinicola
SH013590.07FU_AF444627_refs	Fungi	Basidiomycota	CystoBasidiomycota	Cystobasidiales	Cystobasidiaceae	Cystobasidium	Cystobasidium_slooffiae
SH013592.07FU_AF444567_refs	Fungi	Basidiomycota	CystoBasidiomycota	Cystobasidiales	Cystobasidiales_fam_Incertae_sedis	Occultifur	Occultifur_externus
SH022243.07FU_AF444538_refs	Fungi	Basidiomycota	CystoBasidiomycota	CystoBasidiomycota_ord_Incertae_sedis	CystoBasidiomycota_fam_Incertae_sedis	Buckleyzyma	Buckleyzyma_aurantiaca
SH022244.07FU_AF444521_refs	Fungi	Basidiomycota	CystoBasidiomycota	CystoBasidiomycota_ord_Incertae_sedis	CystoBasidiomycota_fam_Incertae_sedis	Symmetrospora	Symmetrospora_foliicola
SH016330.07FU_AF444597_refs	Fungi	Basidiomycota	CystoBasidiomycota	Erythrobasidiales	Erythrobasidiales_fam_Incertae_sedis	Sakaguchia	NA
SH009059.07FU_GU117108_reps	Fungi	Basidiomycota	ExoBasidiomycota	Entylomatales	Entylomataceae	Entyloma	Entyloma_gaillardianum
97b41caa063928f57b8f6c546bd19462777b908f	Fungi	Basidiomycota	ExoBasidiomycota	Entylomatales	Entylomatales_fam_Incertae_sedis	Tilletiopsis	Tilletiopsis_washingtonensis
SH008145.07FU_AB025686_refs	Fungi	Basidiomycota	ExoBasidiomycota	Entylomatales	Entylomatales_fam_Incertae_sedis	Tilletiopsis	Tilletiopsis_washingtonensis
SH009058.07FU_JF828315_reps	Fungi	Basidiomycota	ExoBasidiomycota	Entylomatales	unidentified	unidentified	unidentified
SH017984.07FU_DQ317636_refs	Fungi	Basidiomycota	ExoBasidiomycota	Golubeviales	Golubeviaceae	Golubevia	Golubevia_pallescens
SH011718.07FU_DQ827700_reps	Fungi	Basidiomycota	ExoBasidiomycota	Tilletiales	Tilletiaceae	Tilletia	Tilletia_barclayana
SH032227.07FU_DQ827710_reps	Fungi	Basidiomycota	ExoBasidiomycota	Tilletiales	Tilletiaceae	Tilletia	Tilletia_barclayana
SH011181.07FU_EU910057_refs	Fungi	Basidiomycota	ExoBasidiomycota	Tilletiales	Tilletiaceae	Tilletia	Tilletia_puccinelliae
SH009266.07FU_AB070356_refs	Fungi	Basidiomycota	Malasseziomycetes	Malasseziales	Malasseziaceae	Malassezia	Malassezia_dermatis
2b51f7a081040473a19fc7cec2afc65319e896ec	Fungi	Basidiomycota	Malasseziomycetes	Malasseziales	Malasseziaceae	Malassezia	Malassezia_globosa
edadee7d2d1bef926709bffee770b8dcb0ae55b8	Fungi	Basidiomycota	Malasseziomycetes	Malasseziales	Malasseziaceae	Malassezia	Malassezia_globosa
SH006499.07FU_GU291271_refs	Fungi	Basidiomycota	Malasseziomycetes	Malasseziales	Malasseziaceae	Malassezia	Malassezia_globosa
SH006500.07FU_KM269167_reps	Fungi	Basidiomycota	Malasseziomycetes	Malasseziales	Malasseziaceae	Malassezia	Malassezia_globosa
SH000775.07FU_GU291269_refs	Fungi	Basidiomycota	Malasseziomycetes	Malasseziales	Malasseziaceae	Malassezia	Malassezia_obtusa
22e80fcc3fcd1814ab11a6985e90022f83d2e17a	Fungi	Basidiomycota	Malasseziomycetes	Malasseziales	Malasseziaceae	Malassezia	Malassezia_restricta
283c47c3d7e0a69540782408fb488e9a22031e1d	Fungi	Basidiomycota	Malasseziomycetes	Malasseziales	Malasseziaceae	Malassezia	Malassezia_restricta
3a22b712bf9ea16799cadbda53489e8b4f41e181	Fungi	Basidiomycota	Malasseziomycetes	Malasseziales	Malasseziaceae	Malassezia	Malassezia_restricta
475df63701ee7d441c92100535d4a213e887a2af	Fungi	Basidiomycota	Malasseziomycetes	Malasseziales	Malasseziaceae	Malassezia	Malassezia_restricta
da6d680c38bc665b52e954c6acbbe1edf9c9ebf2	Fungi	Basidiomycota	Malasseziomycetes	Malasseziales	Malasseziaceae	Malassezia	Malassezia_restricta
SH001484.07FU_AY743636_refs	Fungi	Basidiomycota	Malasseziomycetes	Malasseziales	Malasseziaceae	Malassezia	Malassezia_restricta
SH009263.07FU_AY743632_refs	Fungi	Basidiomycota	Malasseziomycetes	Malasseziales	Malasseziaceae	Malassezia	Malassezia_sympodialis
SH001436.07FU_AB125261_refs	Fungi	Basidiomycota	Malasseziomycetes	Malasseziales	Malasseziaceae	Malassezia	Malassezia_yamatoensis
SH027269.07FU_JQ666320_reps	Fungi	Basidiomycota	Malasseziomycetes	Malasseziales	unidentified	Malassezia	Malassezia globosa
SH012940.07FU_AY212987_refs	Fungi	Basidiomycota	Microbotryomycetes	Leucosporidiales	Leucosporidiaceae	Leucosporidium	Leucosporidium_golubevii
SH013448.07FU_JN246563_refs	Fungi	Basidiomycota	Microbotryomycetes	Sporidiobolales	Sporidiobolaceae	Rhodosporidiobolus	Rhodosporidiobolus_colostri
0f92209e156ee98d76a01dcc3fcd9237a3ace440	Fungi	Basidiomycota	Microbotryomycetes	Sporidiobolales	Sporidiobolaceae	Rhodosporidiobolus	Rhodosporidiobolus_odoratus
SH013735.07FU_AY015438_refs	Fungi	Basidiomycota	Microbotryomycetes	Sporidiobolales	Sporidiobolaceae	Sporobolomyces	Sporobolomyces_roseus
SH013736.07FU_AY015439_refs	Fungi	Basidiomycota	Microbotryomycetes	Sporidiobolales	Sporidiobolaceae	Sporobolomyces	Sporobolomyces_ruberrimus
SH013737.07FU_AB025983_reps	Fungi	Basidiomycota	Microbotryomycetes	Sporidiobolales	Sporidiobolaceae	unidentified	unidentified
SH007815.07FU_EU014044_refs	Fungi	Basidiomycota	Pucciniomycetes	Pucciniales	Pucciniaceae	Puccinia	Puccinia_coronata
SH013110.07FU_AF444400_refs	Fungi	Basidiomycota	Tremellomycetes	Cystofilobasidiales	Cystofilobasidiaceae	Cystofilobasidium	Cystofilobasidium_infirmominiatum
SH013109.07FU_AF444329_refs	Fungi	Basidiomycota	Tremellomycetes	Cystofilobasidiales	Cystofilobasidiaceae	Cystofilobasidium	Cystofilobasidium_macerans
SH018938.07FU_AF144483_refs	Fungi	Basidiomycota	Tremellomycetes	Cystofilobasidiales	Mrakiaceae	Mrakia	Mrakia_frigida
SH018940.07FU_JX188193_reps	Fungi	Basidiomycota	Tremellomycetes	Cystofilobasidiales	Mrakiaceae	Mrakia	Mrakia_frigida
SH006041.07FU_AF444408_refs	Fungi	Basidiomycota	Tremellomycetes	Cystofilobasidiales	Mrakiaceae	Udeniomyces	Udeniomyces_megalosporus
SH011747.07FU_AF444435_refs	Fungi	Basidiomycota	Tremellomycetes	Cystofilobasidiales	Mrakiaceae	Udeniomyces	Udeniomyces_puniceus
SH011745.07FU_AF444402_refs	Fungi	Basidiomycota	Tremellomycetes	Cystofilobasidiales	Mrakiaceae	Udeniomyces	Udeniomyces_pyricola
SH032431.07FU_AF444373_refs	Fungi	Basidiomycota	Tremellomycetes	Filobasidiales	Filobasidiaceae	Filobasidium	Filobasidium_wieringae
8222a9baa922d207a81333183a8bcd322deb171b	Fungi	Basidiomycota	Tremellomycetes	Filobasidiales	Filobasidiaceae	Naganishia	Naganishia_friedmannii
SH021889.07FU_AF145322_refs	Fungi	Basidiomycota	Tremellomycetes	Filobasidiales	Filobasidiaceae	Naganishia	Naganishia_friedmannii
SH015435.07FU_AF444381_refs	Fungi	Basidiomycota	Tremellomycetes	Filobasidiales	Piskurozymaceae	Piskurozyma	Piskurozyma_capsuligena
SH027235.07FU_EF621565_reps_singleton	Fungi	Basidiomycota	Tremellomycetes	Filobasidiales	Piskurozymaceae	Solicoccozyma	Solicoccozyma_keelungensis
SH010301.07FU_AF444319_refs	Fungi	Basidiomycota	Tremellomycetes	Filobasidiales	Piskurozymaceae	Solicoccozyma	Solicoccozyma_terrea
SH629062.07FU_KX515092_reps	Fungi	Basidiomycota	Tremellomycetes	Filobasidiales	NA	NA	NA
SH490666.07FU_HG936980_reps	Fungi	Basidiomycota	Tremellomycetes	Holtermanniales	Holtermanniales_fam_Incertae_sedis	Holtermanniella	Holtermanniella_takashimae
SH024101.07FU_AY562158_refs	Fungi	Basidiomycota	Tremellomycetes	Tremellales	Bulleribasidiaceae	Dioszegia	Dioszegia_fristingensis
SH031128.07FU_JQ754042_reps	Fungi	Basidiomycota	Tremellomycetes	Tremellales	Bulleribasidiaceae	Hannaella	Hannaella_oryzae
SH004218.07FU_AB922854_reps	Fungi	Basidiomycota	Tremellomycetes	Tremellales	Bulleribasidiaceae	Hannaella	Hannaella_siamensis
SH004916.07FU_HQ875391_refs	Fungi	Basidiomycota	Tremellomycetes	Tremellales	Bulleribasidiaceae	Vishniacozyma	Vishniacozyma_heimaeyensis
c08043a98253501cc07267ecd693eea399c54cd0	Fungi	Basidiomycota	Tremellomycetes	Tremellales	Bulleribasidiaceae	Vishniacozyma	Vishniacozyma_victoriae
SH630198.07FU_KY558355_reps_singleton	Fungi	Basidiomycota	Tremellomycetes	Tremellales	Cryptococcaceae	Kwoniella	unidentified
SH015476.07FU_AF444302_refs	Fungi	Basidiomycota	Tremellomycetes	Tremellales	Tremellaceae	Cryptococcus	Cryptococcus_uniguttulatus
SH021957.07FU_KM519365_reps	Fungi	Basidiomycota	Tremellomycetes	Tremellales	Tremellaceae	Cryptococcus	unidentified
550bc3b343f772ad35fd63feda0059bd57dd6b80	Fungi	Basidiomycota	Tremellomycetes	Tremellales	Trimorphomycetaceae	Saitozyma	Saitozyma_paraflava
SH004909.07FU_AY395800_refs	Fungi	Basidiomycota	Tremellomycetes	Tremellales	Trimorphomycetaceae	Saitozyma	Saitozyma_paraflava
SH004915.07FU_AF444469_refs	Fungi	Basidiomycota	Tremellomycetes	NA	NA	NA	NA
SH021473.07FU_FJ238090_reps	Fungi	Basidiomycota	unidentified	unidentified	unidentified	Cystobasidium	Cystobasidium calyptogenae
SH022245.07FU_FJ235993_reps	Fungi	Basidiomycota	unidentified	unidentified	unidentified	Cystobasidium	Cystobasidium calyptogenae
SH495120.07FU_KX515106_reps_singleton	Fungi	Basidiomycota	unidentified	unidentified	unidentified	Filobasidium	Filobasidium magnum
SH630451.07FU_KX516054_reps_singleton	Fungi	Basidiomycota	unidentified	unidentified	unidentified	Filobasidium	Filobasidium magnum
5b60f919d122f62f818a690cae06d8d4d22ef237	Fungi	Basidiomycota	unidentified	unidentified	unidentified	Inocybe	Inocybe erythospilota
b751cecaf5d1b45ae8d60720bfd6a5c4c96a88d3	Fungi	Basidiomycota	unidentified	unidentified	unidentified	Lactifluus	Lactifluus albomembranaceus
cec81f621343872102cb240ee744d4c111fc82c7	Fungi	Basidiomycota	unidentified	unidentified	unidentified	Lactifluus	Lactifluus albomembranaceus
614b1a6298a00f6b09d298246a7b8a53229a39f0	Fungi	Basidiomycota	unidentified	unidentified	unidentified	Lamelloclavaria	Lamelloclavaria petersenii
0a45bc79dd72407d94437f3c97cd415336d18577	Fungi	Basidiomycota	unidentified	unidentified	unidentified	Lysurus	Lysurus cruciatus
0c252c7839106c9ca62ce6bc8453692acfd5ab26	Fungi	Basidiomycota	unidentified	unidentified	unidentified	Lysurus	Lysurus cruciatus
0e33adafe5442d2f8f639b644feab573f85c3232	Fungi	Basidiomycota	unidentified	unidentified	unidentified	Lysurus	Lysurus cruciatus
0ffa9f4a328ba96c6839f229a157d5c2ff55af21	Fungi	Basidiomycota	unidentified	unidentified	unidentified	Lysurus	Lysurus cruciatus
11660c467b2079f0db0d3d6c9273e455f9497879	Fungi	Basidiomycota	unidentified	unidentified	unidentified	Lysurus	Lysurus cruciatus
12cec73fd1cc3c6fc194517b847f48df750a3c75	Fungi	Basidiomycota	unidentified	unidentified	unidentified	Lysurus	Lysurus cruciatus
17a290c94ae24a06c46a64068fc4d5fc543911c5	Fungi	Basidiomycota	unidentified	unidentified	unidentified	Lysurus	Lysurus cruciatus
1be1dbb38ab55cdc46638e5983521e52ec513817	Fungi	Basidiomycota	unidentified	unidentified	unidentified	Lysurus	Lysurus cruciatus
1c7aa8d7382e7f1eb16bbb4c634de1dadca10df0	Fungi	Basidiomycota	unidentified	unidentified	unidentified	Lysurus	Lysurus cruciatus
1f8b24f090841aebc3711c70aa0e76fe5b579a5a	Fungi	Basidiomycota	unidentified	unidentified	unidentified	Lysurus	Lysurus cruciatus
1fd2efafc2ff6346cd103216f726db2449019005	Fungi	Basidiomycota	unidentified	unidentified	unidentified	Lysurus	Lysurus cruciatus
20b9107e472cfe08091e07842ebc1cc742fd62d9	Fungi	Basidiomycota	unidentified	unidentified	unidentified	Lysurus	Lysurus cruciatus
24ea3b855f20b840cd84fb8d63bec9ec5c7a49de	Fungi	Basidiomycota	unidentified	unidentified	unidentified	Lysurus	Lysurus cruciatus
29311cd7b6e4298ab5e524d85d22152931e34e4e	Fungi	Basidiomycota	unidentified	unidentified	unidentified	Lysurus	Lysurus cruciatus
2b7ca41dbb6d7b0f1479fd26ed01b92131238d51	Fungi	Basidiomycota	unidentified	unidentified	unidentified	Lysurus	Lysurus cruciatus
2cf541d7b30d3c20c8e88db541c315bea4516ff7	Fungi	Basidiomycota	unidentified	unidentified	unidentified	Lysurus	Lysurus cruciatus
2d0aa8a4984adba28ba492e40da0cef144bccc67	Fungi	Basidiomycota	unidentified	unidentified	unidentified	Lysurus	Lysurus cruciatus
2d1a8c1650541000fb9f0ffe11b441082ddf9336	Fungi	Basidiomycota	unidentified	unidentified	unidentified	Lysurus	Lysurus cruciatus
31eeb3a4ff385cefde09d557b4813132ad32a369	Fungi	Basidiomycota	unidentified	unidentified	unidentified	Lysurus	Lysurus cruciatus
323d6fd111ee71b2eb05ac203b5c04190fd8f75f	Fungi	Basidiomycota	unidentified	unidentified	unidentified	Lysurus	Lysurus cruciatus
325927bc3055d705a0689d07e30d7e0eff44e6b9	Fungi	Basidiomycota	unidentified	unidentified	unidentified	Lysurus	Lysurus cruciatus
325d6421d460c3dc111a585533107bae08282e1e	Fungi	Basidiomycota	unidentified	unidentified	unidentified	Lysurus	Lysurus cruciatus
35b12a9044883cda2dcdd77f72ba7fec534cb27b	Fungi	Basidiomycota	unidentified	unidentified	unidentified	Lysurus	Lysurus cruciatus
36b79d4cd1374741c904101a106ac53c981e7a9c	Fungi	Basidiomycota	unidentified	unidentified	unidentified	Lysurus	Lysurus cruciatus
36ef796218a0cc54438f8e6f2c6bfdf97c4e6539	Fungi	Basidiomycota	unidentified	unidentified	unidentified	Lysurus	Lysurus cruciatus
379d4593de6d7be06a38d2744e889ec3307b3638	Fungi	Basidiomycota	unidentified	unidentified	unidentified	Lysurus	Lysurus cruciatus
37e60d5d95bc85ed5a122278c47fb13233d6be1a	Fungi	Basidiomycota	unidentified	unidentified	unidentified	Lysurus	Lysurus cruciatus
39446b6bff5187a00098a2cdec6f8ab198e4a1a5	Fungi	Basidiomycota	unidentified	unidentified	unidentified	Lysurus	Lysurus cruciatus
3a72daaae43d65cb3ccf15fb97ebccb1a675e91a	Fungi	Basidiomycota	unidentified	unidentified	unidentified	Lysurus	Lysurus cruciatus
3ccfebcdb72bbdc8d5ee98ad2202ad215e87d6a6	Fungi	Basidiomycota	unidentified	unidentified	unidentified	Lysurus	Lysurus cruciatus
3f74d84a6a510889426d43fdb8204aa1c6725f89	Fungi	Basidiomycota	unidentified	unidentified	unidentified	Lysurus	Lysurus cruciatus
427f149fa42a3af71122fa986cec337a3f904f3a	Fungi	Basidiomycota	unidentified	unidentified	unidentified	Lysurus	Lysurus cruciatus
44afc0245653dd0dde814b2f947b680d9193a9e0	Fungi	Basidiomycota	unidentified	unidentified	unidentified	Lysurus	Lysurus cruciatus
466cc45edeaf330f9d0b368a99cc61604d9b25a1	Fungi	Basidiomycota	unidentified	unidentified	unidentified	Lysurus	Lysurus cruciatus
4c3548ffca36465024b2f24097b909611b7ef18f	Fungi	Basidiomycota	unidentified	unidentified	unidentified	Lysurus	Lysurus cruciatus
4d30b74a6f2e802aafd052519ac389f5319aa47c	Fungi	Basidiomycota	unidentified	unidentified	unidentified	Lysurus	Lysurus cruciatus
4d7daed1ea6a175991b4502fc30eb15a415629ac	Fungi	Basidiomycota	unidentified	unidentified	unidentified	Lysurus	Lysurus cruciatus
51fdcf6d4c09b649396ae815c4bd12911fd3d51b	Fungi	Basidiomycota	unidentified	unidentified	unidentified	Lysurus	Lysurus cruciatus
52edf23c64d7c4bc0dd14ed4eb46319b1c431415	Fungi	Basidiomycota	unidentified	unidentified	unidentified	Lysurus	Lysurus cruciatus
59a17bfe72f56270c144aad147beb2442b0ab94d	Fungi	Basidiomycota	unidentified	unidentified	unidentified	Lysurus	Lysurus cruciatus
5ad6f4ce994d76baa0e9f30884b1ed5329429ec1	Fungi	Basidiomycota	unidentified	unidentified	unidentified	Lysurus	Lysurus cruciatus
6190cd74528106bfde6b7a1021e64c382e183651	Fungi	Basidiomycota	unidentified	unidentified	unidentified	Lysurus	Lysurus cruciatus
6659f4ef7a39da6f4e7e43961f61da2b6aea59c8	Fungi	Basidiomycota	unidentified	unidentified	unidentified	Lysurus	Lysurus cruciatus
6d6c890718347ca0ea15074be2768d136aa9746b	Fungi	Basidiomycota	unidentified	unidentified	unidentified	Lysurus	Lysurus cruciatus
6de02289eae2a3871818db5964fbffaf7d7d4d60	Fungi	Basidiomycota	unidentified	unidentified	unidentified	Lysurus	Lysurus cruciatus
6e039ad0794a3b92a8f44fa47669c269ba0e07f8	Fungi	Basidiomycota	unidentified	unidentified	unidentified	Lysurus	Lysurus cruciatus
71b190ead8f9dfd36f4281b3297a4386d11be42c	Fungi	Basidiomycota	unidentified	unidentified	unidentified	Lysurus	Lysurus cruciatus
734fe9e88b6007d3e26afc18aadf4ba8e17841d1	Fungi	Basidiomycota	unidentified	unidentified	unidentified	Lysurus	Lysurus cruciatus
7620004790fdc204814910bbfef359725ea5892a	Fungi	Basidiomycota	unidentified	unidentified	unidentified	Lysurus	Lysurus cruciatus
778a7e1b9ffab53d51bfff45f2bdd13f04d717d4	Fungi	Basidiomycota	unidentified	unidentified	unidentified	Lysurus	Lysurus cruciatus
781bb82be85741c33656d1c1713132d3b978ed39	Fungi	Basidiomycota	unidentified	unidentified	unidentified	Lysurus	Lysurus cruciatus
798ec7a4609e248ff9661e6ac2ee085d6c4e8f61	Fungi	Basidiomycota	unidentified	unidentified	unidentified	Lysurus	Lysurus cruciatus
7eee3a05a6c5943222d564b515ef27ca55ba11d3	Fungi	Basidiomycota	unidentified	unidentified	unidentified	Lysurus	Lysurus cruciatus
82fd37f5077bbcaa95a0e2e00265ccd478fe6b2a	Fungi	Basidiomycota	unidentified	unidentified	unidentified	Lysurus	Lysurus cruciatus
88c13a6564e55d4351f438c26a8046ae2102ede4	Fungi	Basidiomycota	unidentified	unidentified	unidentified	Lysurus	Lysurus cruciatus
8a269815ac3faf1eeead7b36115a66a5ffce615b	Fungi	Basidiomycota	unidentified	unidentified	unidentified	Lysurus	Lysurus cruciatus
90c43f86992d7a5a3fb8732fe926de06aa9722d9	Fungi	Basidiomycota	unidentified	unidentified	unidentified	Lysurus	Lysurus cruciatus
92aa57750bd8a84c5dced87e20ca3908e99e125e	Fungi	Basidiomycota	unidentified	unidentified	unidentified	Lysurus	Lysurus cruciatus
946a7eae1908428c37a0838f104e1406329809e3	Fungi	Basidiomycota	unidentified	unidentified	unidentified	Lysurus	Lysurus cruciatus
96beaaf0d73849057ca876af322369c7a8b0bb09	Fungi	Basidiomycota	unidentified	unidentified	unidentified	Lysurus	Lysurus cruciatus
990cd22ad17c912e1ea4de68b1b7ecfeb20339d9	Fungi	Basidiomycota	unidentified	unidentified	unidentified	Lysurus	Lysurus cruciatus
9d08e03a6d253315d30a8178942625e27f83d027	Fungi	Basidiomycota	unidentified	unidentified	unidentified	Lysurus	Lysurus cruciatus
9e76dca7306e298589293de7d60872af44e05ee7	Fungi	Basidiomycota	unidentified	unidentified	unidentified	Lysurus	Lysurus cruciatus
a39979d65d53b999e67f35519561f3625e219e55	Fungi	Basidiomycota	unidentified	unidentified	unidentified	Lysurus	Lysurus cruciatus
a7a01abc46b1a7c0793b04abc8a7b25b0b58c776	Fungi	Basidiomycota	unidentified	unidentified	unidentified	Lysurus	Lysurus cruciatus
ab4d408bf83c7d1c27e8c97b71e04950efe3d45c	Fungi	Basidiomycota	unidentified	unidentified	unidentified	Lysurus	Lysurus cruciatus
abc0da655ac66023fdd5471dcd8665049784ab71	Fungi	Basidiomycota	unidentified	unidentified	unidentified	Lysurus	Lysurus cruciatus
abec35ecac6e6fbfff4362a3d1ff684778ca101e	Fungi	Basidiomycota	unidentified	unidentified	unidentified	Lysurus	Lysurus cruciatus
ad13e88cafe0e52b1b4bf129bd23b501817092ed	Fungi	Basidiomycota	unidentified	unidentified	unidentified	Lysurus	Lysurus cruciatus
b1e6b02580ba9dce06888f60eabfa0c661b2c63d	Fungi	Basidiomycota	unidentified	unidentified	unidentified	Lysurus	Lysurus cruciatus
b28634f827f271575016ad7cf4e6b572622a710e	Fungi	Basidiomycota	unidentified	unidentified	unidentified	Lysurus	Lysurus cruciatus
ba1fe0fad45596748fa4dafe7e970a06380b211f	Fungi	Basidiomycota	unidentified	unidentified	unidentified	Lysurus	Lysurus cruciatus
bd688c6284bc3c67085ded6113775121aa53c15a	Fungi	Basidiomycota	unidentified	unidentified	unidentified	Lysurus	Lysurus cruciatus
bfd7ce29b07e9fd7db1b903c3306102a25e49463	Fungi	Basidiomycota	unidentified	unidentified	unidentified	Lysurus	Lysurus cruciatus
c20a8cdf15e814678f75a694c66cdef77200b34b	Fungi	Basidiomycota	unidentified	unidentified	unidentified	Lysurus	Lysurus cruciatus
c2cf7445b1eb0da378a29ecac358762800fea61b	Fungi	Basidiomycota	unidentified	unidentified	unidentified	Lysurus	Lysurus cruciatus
c56cce4d89d6d9f56de24d99a162fc2c9d0a3195	Fungi	Basidiomycota	unidentified	unidentified	unidentified	Lysurus	Lysurus cruciatus
d01055048e0731bfabb826add2405251ee59f209	Fungi	Basidiomycota	unidentified	unidentified	unidentified	Lysurus	Lysurus cruciatus
d085c26b89bbb217a8c78c91b5e3a3a9756669be	Fungi	Basidiomycota	unidentified	unidentified	unidentified	Lysurus	Lysurus cruciatus
d2f75f8b7385e45e7d8b3d0177940e1948535bc3	Fungi	Basidiomycota	unidentified	unidentified	unidentified	Lysurus	Lysurus cruciatus
d43a1decf6bba765f41732834c07c33ccdd8a9c0	Fungi	Basidiomycota	unidentified	unidentified	unidentified	Lysurus	Lysurus cruciatus
d4ff1f629cc7d887d2448c043ef77a4fdc50c9f1	Fungi	Basidiomycota	unidentified	unidentified	unidentified	Lysurus	Lysurus cruciatus
d60754f180a1cc3b14f834aa31bebc2023890b88	Fungi	Basidiomycota	unidentified	unidentified	unidentified	Lysurus	Lysurus cruciatus
dde6e006c055802dc40d25e94e2dc9ce9ea9c216	Fungi	Basidiomycota	unidentified	unidentified	unidentified	Lysurus	Lysurus cruciatus
e101ed5f8dbf7e5542bac0f4492f1fc5efeb79e7	Fungi	Basidiomycota	unidentified	unidentified	unidentified	Lysurus	Lysurus cruciatus
e13ffea7b88e2214e4509496ac1d7c2e10d1d262	Fungi	Basidiomycota	unidentified	unidentified	unidentified	Lysurus	Lysurus cruciatus
e5935b11555d544c8cb844cdaf43a4f5fc69dcbf	Fungi	Basidiomycota	unidentified	unidentified	unidentified	Lysurus	Lysurus cruciatus
e663adc0015e28c846266377ae7199db8fc020d6	Fungi	Basidiomycota	unidentified	unidentified	unidentified	Lysurus	Lysurus cruciatus
e93efdf41f96c09e20764181fe3c7fecb1fbe2f0	Fungi	Basidiomycota	unidentified	unidentified	unidentified	Lysurus	Lysurus cruciatus
ee094e11e04d6603df4e00e8650dc6332ae5fe34	Fungi	Basidiomycota	unidentified	unidentified	unidentified	Lysurus	Lysurus cruciatus
f3d120b439357855c7c342aed74bed5786ac1db6	Fungi	Basidiomycota	unidentified	unidentified	unidentified	Lysurus	Lysurus cruciatus
f46f3bf9927654ae88bb9ada238e3711dbb9280c	Fungi	Basidiomycota	unidentified	unidentified	unidentified	Lysurus	Lysurus cruciatus
f4b6a611cae432e5222cb9061e349ec1797195e3	Fungi	Basidiomycota	unidentified	unidentified	unidentified	Lysurus	Lysurus cruciatus
f61816544c0d2c558a2c16522b8b8d5f5eb7a0b2	Fungi	Basidiomycota	unidentified	unidentified	unidentified	Lysurus	Lysurus cruciatus
SH464364.07FU_HQ436094_reps_singleton	Fungi	Basidiomycota	unidentified	unidentified	unidentified	Malassezia	Malassezia furfur
fe3bdd60aecf741a153bde40d6721cd779bf18ff	Fungi	Basidiomycota	unidentified	unidentified	unidentified	Octaviania	Octaviania durianelloides
e35e6f15a95f9cf7dff07d7958190b94bf20a64a	Fungi	Basidiomycota	unidentified	unidentified	unidentified	Phellinus	Phellinus caribaeo-quercicola
5aa352ade267a4d5b877a2d207d5246aaa384a24	Fungi	Basidiomycota	unidentified	unidentified	unidentified	Psathyrella	Psathyrella merdicola
83509301a735a64e25207ee29254209bc6a53664	Fungi	Basidiomycota	unidentified	unidentified	unidentified	Psathyrella	Psathyrella purpureobadia
cef922747fe0b2f9497cea12b208474a35af10ca	Fungi	Basidiomycota	unidentified	unidentified	unidentified	Psathyrella	Psathyrella purpureobadia
SH493490.07FU_HG936984_reps	Fungi	Basidiomycota	unidentified	unidentified	unidentified	Rhodotorula	Rhodotorula babjevae
SH628959.07FU_KX516038_reps_singleton	Fungi	Basidiomycota	unidentified	unidentified	unidentified	Rhodotorula	Rhodotorula babjevae
SH490955.07FU_JX326008_reps_singleton	Fungi	Basidiomycota	unidentified	unidentified	unidentified	Solicoccozyma	Solicoccozyma aeria
SH631576.07FU_KX515405_reps_singleton	Fungi	Basidiomycota	unidentified	unidentified	unidentified	Sporidiobolus	Sporidiobolus pararoseus
SH027065.07FU_KF675434_reps_singleton	Fungi	Basidiomycota	unidentified	unidentified	unidentified	Wallemia	Wallemia peruviensis
3a258bf0d95f6cb211a4ba293b8630894baa2a3a	Fungi	Basidiomycota	Ustilaginomycetes	Urocystidales	Urocystidaceae	Urocystis	Urocystis_agropyri
SH494191.07FU_KM357923_reps_singleton	Fungi	Basidiomycota	Ustilaginomycetes	Ustilaginales	Ustilaginaceae	Anthracocystis	NA
SH005385.07FU_AB998422_reps	Fungi	Basidiomycota	Ustilaginomycetes	Ustilaginales	Ustilaginaceae	Kalmanozyma	Kalmanozyma_fusiformata
SH023987.07FU_AF294699_refs	Fungi	Basidiomycota	Ustilaginomycetes	Ustilaginales	Ustilaginaceae	Moesziomyces	Moesziomyces_aphidis
SH005393.07FU_EU379942_refs	Fungi	Basidiomycota	Ustilaginomycetes	Ustilaginales	Ustilaginaceae	Pseudozyma	Pseudozyma_pruni
SH011076.07FU_JQ993391_reps_singleton	Fungi	Basidiomycota	Ustilaginomycetes	Ustilaginales	Ustilaginaceae	Sporisorium	unidentified
SH006423.07FU_KX832842_reps	Fungi	Basidiomycota	Ustilaginomycetes	Ustilaginales	Ustilaginaceae	Tranzscheliella	Tranzscheliella_hypodytes
SH005390.07FU_AM160638_reps	Fungi	Basidiomycota	Ustilaginomycetes	Ustilaginales	Ustilaginaceae	unidentified	unidentified
SH005658.07FU_AB693782_reps	Fungi	Basidiomycota	Ustilaginomycetes	Ustilaginales	Ustilaginaceae	unidentified	unidentified
SH005961.07FU_KU057813_reps	Fungi	Basidiomycota	Ustilaginomycetes	Ustilaginales	Ustilaginaceae	unidentified	unidentified
19a937927712c802f2024c386fa87f65831588e9	Fungi	Basidiomycota	Ustilaginomycetes	Ustilaginales	Ustilaginaceae	Ustilago	Ustilago_hordei
288f6c5251fb7b0aea32cb99bc724dc944128457	Fungi	Basidiomycota	Ustilaginomycetes	Ustilaginales	Ustilaginaceae	Ustilago	Ustilago_hordei
446ab5ab435ad872c2ec175b13af8c66bbbe25b7	Fungi	Basidiomycota	Ustilaginomycetes	Ustilaginales	Ustilaginaceae	Ustilago	Ustilago_hordei
5932d8f2607bfc66d5effca3c266b8970197dbc3	Fungi	Basidiomycota	Ustilaginomycetes	Ustilaginales	Ustilaginaceae	Ustilago	Ustilago_hordei
6a5499a873e66565d52f3479f92cbbb21fcdf3b6	Fungi	Basidiomycota	Ustilaginomycetes	Ustilaginales	Ustilaginaceae	Ustilago	Ustilago_hordei
6a65dcf6f1a998ea58d04458816b4692b9c022f1	Fungi	Basidiomycota	Ustilaginomycetes	Ustilaginales	Ustilaginaceae	Ustilago	Ustilago_hordei
750024520b7f89c4aefc84cf2c3192a708ca3be7	Fungi	Basidiomycota	Ustilaginomycetes	Ustilaginales	Ustilaginaceae	Ustilago	Ustilago_hordei
933047f2eb7f5bb2a7032f37259d4441dd0e5040	Fungi	Basidiomycota	Ustilaginomycetes	Ustilaginales	Ustilaginaceae	Ustilago	Ustilago_hordei
9ee6d56a86d2a60aa9d13d3ee15fc34133beb25e	Fungi	Basidiomycota	Ustilaginomycetes	Ustilaginales	Ustilaginaceae	Ustilago	Ustilago_hordei
be9f0c7cd644beca0d0541642899aa5ea3aa49a5	Fungi	Basidiomycota	Ustilaginomycetes	Ustilaginales	Ustilaginaceae	Ustilago	Ustilago_hordei
d90c3c4a3e422655d959f18de8d39a14caa078eb	Fungi	Basidiomycota	Ustilaginomycetes	Ustilaginales	Ustilaginaceae	Ustilago	Ustilago_hordei
SH001197.07FU_AY740068_refs	Fungi	Basidiomycota	Ustilaginomycetes	Ustilaginales	Ustilaginaceae	Ustilago	Ustilago_hordei
2ab872d8f60132d291765fd0310feba02dcbe216	Fungi	Basidiomycota	Ustilaginomycetes	Ustilaginales	Ustilaginaceae	Ustilago	Ustilago_maydis
44539f8f78a25c1845a972917f5a4355fc333cac	Fungi	Basidiomycota	Ustilaginomycetes	Ustilaginales	Ustilaginaceae	Ustilago	Ustilago_maydis
77f99ff1298552507bba95d9834c1814a809422c	Fungi	Basidiomycota	Ustilaginomycetes	Ustilaginales	Ustilaginaceae	Ustilago	Ustilago_maydis
91733cfe1454d1e356a168d73456386d51a7451c	Fungi	Basidiomycota	Ustilaginomycetes	Ustilaginales	Ustilaginaceae	Ustilago	Ustilago_maydis
ed1bf72a939b179cc2b6b6f6bc61ef71a7e32a9d	Fungi	Basidiomycota	Ustilaginomycetes	Ustilaginales	Ustilaginaceae	Ustilago	Ustilago_maydis
SH023699.07FU_UDB016255_refs	Fungi	Basidiomycota	Ustilaginomycetes	Ustilaginales	Ustilaginaceae	Ustilago	Ustilago_maydis
SH005391.07FU_KF800249_reps	Fungi	Basidiomycota	Ustilaginomycetes	Ustilaginales	Ustilaginaceae	Ustilago	Ustilago_syntherismae
SH028962.07FU_AY328912_refs	Fungi	Basidiomycota	Wallemiomycetes	Wallemiales	Wallemiales_fam_Incertae_sedis	Wallemia	NA
SH021888.07FU_AF145321_refs	Fungi	Basidiomycota	NA	NA	NA	NA	[Cryptococcus] albidus var. kuetzingii
SH031659.07FU_GU328520_reps_singleton	Fungi	Basidiomycota	NA	NA	NA	NA	Cystofilobasidium capitatum
SH013564.07FU_AB030352_refs	Fungi	Basidiomycota	NA	NA	NA	NA	Erythrobasidium yunnanense
SH630034.07FU_KX515008_reps_singleton	Fungi	Basidiomycota	NA	NA	NA	NA	Erythrobasidium yunnanense
SH487804.07FU_KU515838_reps_singleton	Fungi	Basidiomycota	NA	NA	NA	NA	Kondoa sorbi
SH495118.07FU_AY233343_reps	Fungi	Basidiomycota	NA	NA	NA	NA	Kondoa sorbi
SH013445.07FU_AY015432_refs	Fungi	Basidiomycota	NA	NA	NA	NA	Rhodosporidiobolus azoricus
SH631134.07FU_KX515396_reps_singleton	Fungi	Basidiomycota	NA	NA	NA	NA	Rhodotorula mucilaginosa
SH489694.07FU_KU515952_reps_singleton	Fungi	Basidiomycota	NA	NA	NA	NA	Sampaiozyma ingeniosa
SH021468.07FU_AF444546_refs	Fungi	Basidiomycota	NA	NA	NA	NA	Symmetrospora coprosmae
SH026333.07FU_AF444417_refs	Fungi	Basidiomycota	NA	NA	NA	NA	Tausonia pamirica
SH497382.07FU_HG937143_reps_singleton	Fungi	Basidiomycota	NA	NA	NA	NA	Tausonia pamirica
SH023596.07FU_KP675492_reps	Fungi	budding yeasts	Saccharomycetes	Saccharomycetales	unidentified	Candida	[Candida] quercitrusa
SH028700.07FU_KU052788_reps	Fungi	budding yeasts	Saccharomycetes	Saccharomycetales	unidentified	Candida	[Candida] tallmaniae
0437e639d9a01f242539bc9bfb48844458c19187	Fungi	budding yeasts	unidentified	unidentified	unidentified	Candida	[Candida] methanosorbosa
SH493049.07FU_KM104085_reps_singleton	Fungi	budding yeasts	unidentified	unidentified	unidentified	Candida	[Candida] mucifera
3cbb0609d3e38f152931b68ad55e13e4bdebc374	Fungi	budding yeasts	unidentified	unidentified	unidentified	Pichia	[Pichia] myanmarensis
d41f5fead37e70298a4b0c86ce52a8879291ee0f	Fungi	budding yeasts	unidentified	unidentified	unidentified	Cyberlindnera	Cyberlindnera mississippiensis
SH018670.07FU_AY997078_reps	Fungi	Chytridiomycota	Rhizophlyctidomycetes	Rhizophlyctidales	Rhizophlyctidaceae	Rhizophlyctis	Rhizophlyctis_rosea
SH467801.07FU_KF160879_reps_singleton	Fungi	Chytridiomycota	Synchytriomycetes	Synchytriales	Synchytriaceae	Synchytrium	Synchytrium_taraxaci
SH006515.07FU_GQ342878_refs	Fungi	Mucoromycota	Mucoromycetes	Mucorales	Lichtheimiaceae	Lichtheimia	Lichtheimia_corymbifera
5d8b3168a2491cbdeedd89229c33a44e7181272a	Fungi	Mucoromycota	Mucoromycetes	Mucorales	Lichtheimiaceae	Lichtheimia	Lichtheimia_ornata
SH006516.07FU_GQ342891_refs	Fungi	Mucoromycota	Mucoromycetes	Mucorales	Lichtheimiaceae	Lichtheimia	Lichtheimia_ornata
0f7b64486a07fbb2f6a1ec9a12be3004aeb2025c	Fungi	Mucoromycota	Mucoromycetes	Mucorales	Lichtheimiaceae	unidentified	unidentified
SH007561.07FU_AY243943_refs	Fungi	Mucoromycota	Mucoromycetes	Mucorales	Mucoraceae	Mucor	Mucor_circinelloides
SH007562.07FU_JN205898_refs	Fungi	Mucoromycota	Mucoromycetes	Mucorales	Mucoraceae	Mucor	Mucor_racemosus
SH012762.07FU_KF018912_reps_singleton	Fungi	Mucoromycota	Mucoromycetes	Mucorales	Rhizopodaceae	Rhizopus	Rhizopus_arrhizus
SH002361.07FU_GQ502280_reps	Fungi	Mucoromycota	Mucoromycetes	Mucorales	Rhizopodaceae	Rhizopus	Rhizopus_microsporus
SH017505.07FU_AB693801_reps	Fungi	unidentified	unidentified	unidentified	unidentified	Leptospora	Leptospora thailandica
12d6315f4ce4b374356832dd33ac799b4703f1ff	unidentified	unidentified	unidentified	unidentified	unidentified	Candida	[Candida] methanosorbosa
15e8beb8f127faf8b0632a65d1d18ef32ed8edcd	unidentified	unidentified	unidentified	unidentified	unidentified	unidentified	unidentified
18278138b0358b27d9676af1d1a4c65994b88127	unidentified	unidentified	unidentified	unidentified	unidentified	unidentified	unidentified
1d54fe5ab711063679258e19d03d8415a5136fed	unidentified	unidentified	unidentified	unidentified	unidentified	unidentified	unidentified
2596c76991f7a8ba704d83865be88b3d70e39d12	unidentified	unidentified	unidentified	unidentified	unidentified	unidentified	unidentified
25e5fda284b56fdfcef706c2b5b22a7ded7aa7bd	unidentified	unidentified	unidentified	unidentified	unidentified	unidentified	unidentified
27a9ab91dd11c79e8ea35aa8466293d4eefe12c5	unidentified	unidentified	unidentified	unidentified	unidentified	unidentified	unidentified
29aed4371f4f9be9aff632ad401e254aee29689e	unidentified	unidentified	unidentified	unidentified	unidentified	unidentified	unidentified
29c385be53d922cc6f6330a33d2021cc3e2ac388	unidentified	unidentified	unidentified	unidentified	unidentified	unidentified	unidentified
29dfbceba014227c525bc102459833d18f2ae554	unidentified	unidentified	unidentified	unidentified	unidentified	unidentified	unidentified
2a9eaf5918fa7e96b5cd8714a368261233ced3d4	unidentified	unidentified	unidentified	unidentified	unidentified	unidentified	unidentified
2e0bdf669e651a8f4cf317fec5cac4c1843e35cf	unidentified	unidentified	unidentified	unidentified	unidentified	unidentified	unidentified
338517244a91a9279eba24c7413ce1a3a8c1f38c	unidentified	unidentified	unidentified	unidentified	unidentified	unidentified	unidentified
356a9e22cf5f13b835a39328dfe4990558e0b74b	unidentified	unidentified	unidentified	unidentified	unidentified	unidentified	unidentified
4524362e2ca177017a6a82999f103c927a2794d9	unidentified	unidentified	unidentified	unidentified	unidentified	unidentified	unidentified
4531469769a56d9f6dc001b1869d08c19f43d732	unidentified	unidentified	unidentified	unidentified	unidentified	unidentified	unidentified
46ea0c8aeac861b59079e6bf4a20aaf46d6993ce	unidentified	unidentified	unidentified	unidentified	unidentified	unidentified	unidentified
4e041d1b4e2e90c8775a7766d89cddebb55b6b14	unidentified	unidentified	unidentified	unidentified	unidentified	unidentified	unidentified
5384fb59e27fabec75a4649c1d3020a5136b8477	unidentified	unidentified	unidentified	unidentified	unidentified	unidentified	unidentified
5b4e9146e65c28727a8265991cf825aee0170410	unidentified	unidentified	unidentified	unidentified	unidentified	unidentified	unidentified
66547043337355c2cf9b1874eecff48cdb0777b8	unidentified	unidentified	unidentified	unidentified	unidentified	unidentified	unidentified
752f9939b813378098387aa68fc9239c653c440e	unidentified	unidentified	unidentified	unidentified	unidentified	unidentified	unidentified
9ec612613f4bb32db9f485160608026011a76a18	unidentified	unidentified	unidentified	unidentified	unidentified	unidentified	unidentified
a21505aaabb6542d83cb431e215eaf42a2385084	unidentified	unidentified	unidentified	unidentified	unidentified	unidentified	unidentified
a37cb750dd07af81153f11dde71e0e392f86612c	unidentified	unidentified	unidentified	unidentified	unidentified	unidentified	unidentified
aab1aa47f2761d449fdd7ffe0fdb182621c838f7	unidentified	unidentified	unidentified	unidentified	unidentified	unidentified	unidentified
c33f5d1d1b25211f58f676b90769be3f6f52acd7	unidentified	unidentified	unidentified	unidentified	unidentified	unidentified	unidentified
ce97747888037750c246a5ece1c11b611854678d	unidentified	unidentified	unidentified	unidentified	unidentified	unidentified	unidentified
db758e8df91f803db33ff97560f987c22867be25	unidentified	unidentified	unidentified	unidentified	unidentified	unidentified	unidentified
ed93c457b455bd0ef86db75e2b5808adad3925fa	unidentified	unidentified	unidentified	unidentified	unidentified	unidentified	unidentified
f63ef272f572412cecc06214d020fb01c8a9d813	unidentified	unidentified	unidentified	unidentified	unidentified	unidentified	unidentified
07d59869d52a88bb9f93f3fcf6d2e3dec1415f74	unidentified	unidentified	unidentified	unidentified	unidentified	unidentified	NA